,Nbits,Algorithm,Filename,Ratio
3826,8,FastPFOR,/colmajor/uint8-as-uint32/ucr/50words.dat,24.55
3827,8,Simple8B,/colmajor/uint8-as-uint32/ucr/50words.dat,24.12
3825,8,SIMDBP128,/colmajor/uint8-as-uint32/ucr/50words.dat,24.25
3753,8,SIMDBP128,/colmajor/uint8-as-uint32/ucr/Adiac.dat,25.2
3754,8,FastPFOR,/colmajor/uint8-as-uint32/ucr/Adiac.dat,25.21
3755,8,Simple8B,/colmajor/uint8-as-uint32/ucr/Adiac.dat,25.75
3720,8,SIMDBP128,/colmajor/uint8-as-uint32/ucr/ArrowHead.dat,25.24
3722,8,Simple8B,/colmajor/uint8-as-uint32/ucr/ArrowHead.dat,26.48
3721,8,FastPFOR,/colmajor/uint8-as-uint32/ucr/ArrowHead.dat,25.27
3642,8,SIMDBP128,/colmajor/uint8-as-uint32/ucr/Beef.dat,25.06
3643,8,FastPFOR,/colmajor/uint8-as-uint32/ucr/Beef.dat,25.11
3644,8,Simple8B,/colmajor/uint8-as-uint32/ucr/Beef.dat,26.21
3737,8,Simple8B,/colmajor/uint8-as-uint32/ucr/BeetleFly.dat,26.85
3736,8,FastPFOR,/colmajor/uint8-as-uint32/ucr/BeetleFly.dat,25.31
3735,8,SIMDBP128,/colmajor/uint8-as-uint32/ucr/BeetleFly.dat,25.29
3700,8,FastPFOR,/colmajor/uint8-as-uint32/ucr/BirdChicken.dat,25.36
3699,8,SIMDBP128,/colmajor/uint8-as-uint32/ucr/BirdChicken.dat,25.32
3701,8,Simple8B,/colmajor/uint8-as-uint32/ucr/BirdChicken.dat,27.19
3702,8,SIMDBP128,/colmajor/uint8-as-uint32/ucr/CBF.dat,25.2
3703,8,FastPFOR,/colmajor/uint8-as-uint32/ucr/CBF.dat,25.21
3704,8,Simple8B,/colmajor/uint8-as-uint32/ucr/CBF.dat,27.17
3723,8,SIMDBP128,/colmajor/uint8-as-uint32/ucr/Car.dat,25.11
3725,8,Simple8B,/colmajor/uint8-as-uint32/ucr/Car.dat,26.29
3724,8,FastPFOR,/colmajor/uint8-as-uint32/ucr/Car.dat,25.24
3690,8,SIMDBP128,/colmajor/uint8-as-uint32/ucr/ChlorineConcentration.dat,25.19
3692,8,Simple8B,/colmajor/uint8-as-uint32/ucr/ChlorineConcentration.dat,27.71
3691,8,FastPFOR,/colmajor/uint8-as-uint32/ucr/ChlorineConcentration.dat,25.2
3711,8,SIMDBP128,/colmajor/uint8-as-uint32/ucr/CinC_ECG_torso.dat,23.72
3712,8,FastPFOR,/colmajor/uint8-as-uint32/ucr/CinC_ECG_torso.dat,23.97
3713,8,Simple8B,/colmajor/uint8-as-uint32/ucr/CinC_ECG_torso.dat,26.01
3610,8,FastPFOR,/colmajor/uint8-as-uint32/ucr/Coffee.dat,25.38
3611,8,Simple8B,/colmajor/uint8-as-uint32/ucr/Coffee.dat,26.16
3609,8,SIMDBP128,/colmajor/uint8-as-uint32/ucr/Coffee.dat,25.22
3741,8,SIMDBP128,/colmajor/uint8-as-uint32/ucr/Computers.dat,17.92
3743,8,Simple8B,/colmajor/uint8-as-uint32/ucr/Computers.dat,17.83
3742,8,FastPFOR,/colmajor/uint8-as-uint32/ucr/Computers.dat,17.94
3816,8,SIMDBP128,/colmajor/uint8-as-uint32/ucr/Cricket_X.dat,22.77
3818,8,Simple8B,/colmajor/uint8-as-uint32/ucr/Cricket_X.dat,24.75
3817,8,FastPFOR,/colmajor/uint8-as-uint32/ucr/Cricket_X.dat,22.23
3807,8,SIMDBP128,/colmajor/uint8-as-uint32/ucr/Cricket_Y.dat,25.21
3808,8,FastPFOR,/colmajor/uint8-as-uint32/ucr/Cricket_Y.dat,25.21
3809,8,Simple8B,/colmajor/uint8-as-uint32/ucr/Cricket_Y.dat,28.44
3820,8,FastPFOR,/colmajor/uint8-as-uint32/ucr/Cricket_Z.dat,22.21
3821,8,Simple8B,/colmajor/uint8-as-uint32/ucr/Cricket_Z.dat,24.45
3819,8,SIMDBP128,/colmajor/uint8-as-uint32/ucr/Cricket_Z.dat,22.69
3578,8,Memcpy,/colmajor/uint8-as-uint32/ucr/DiatomSizeReduction.dat,100.0
3581,8,Simple8B,/colmajor/uint8-as-uint32/ucr/DiatomSizeReduction.dat,25.48
3580,8,FastPFOR,/colmajor/uint8-as-uint32/ucr/DiatomSizeReduction.dat,25.21
3579,8,SIMDBP128,/colmajor/uint8-as-uint32/ucr/DiatomSizeReduction.dat,25.21
3705,8,SIMDBP128,/colmajor/uint8-as-uint32/ucr/DistalPhalanxOutlineAgeGroup.dat,25.23
3707,8,Simple8B,/colmajor/uint8-as-uint32/ucr/DistalPhalanxOutlineAgeGroup.dat,26.53
3706,8,FastPFOR,/colmajor/uint8-as-uint32/ucr/DistalPhalanxOutlineAgeGroup.dat,25.26
3597,8,SIMDBP128,/colmajor/uint8-as-uint32/ucr/DistalPhalanxOutlineCorrect.dat,25.22
3598,8,FastPFOR,/colmajor/uint8-as-uint32/ucr/DistalPhalanxOutlineCorrect.dat,25.24
3599,8,Simple8B,/colmajor/uint8-as-uint32/ucr/DistalPhalanxOutlineCorrect.dat,26.49
3709,8,FastPFOR,/colmajor/uint8-as-uint32/ucr/DistalPhalanxTW.dat,25.27
3710,8,Simple8B,/colmajor/uint8-as-uint32/ucr/DistalPhalanxTW.dat,26.43
3708,8,SIMDBP128,/colmajor/uint8-as-uint32/ucr/DistalPhalanxTW.dat,25.23
3669,8,SIMDBP128,/colmajor/uint8-as-uint32/ucr/ECG200.dat,25.24
3670,8,FastPFOR,/colmajor/uint8-as-uint32/ucr/ECG200.dat,25.29
3671,8,Simple8B,/colmajor/uint8-as-uint32/ucr/ECG200.dat,26.37
3716,8,Simple8B,/colmajor/uint8-as-uint32/ucr/ECG5000.dat,27.19
3715,8,FastPFOR,/colmajor/uint8-as-uint32/ucr/ECG5000.dat,25.2
3714,8,SIMDBP128,/colmajor/uint8-as-uint32/ucr/ECG5000.dat,25.2
3768,8,SIMDBP128,/colmajor/uint8-as-uint32/ucr/ECGFiveDays.dat,25.22
3770,8,Simple8B,/colmajor/uint8-as-uint32/ucr/ECGFiveDays.dat,28.57
3769,8,FastPFOR,/colmajor/uint8-as-uint32/ucr/ECGFiveDays.dat,25.25
3760,8,FastPFOR,/colmajor/uint8-as-uint32/ucr/Earthquakes.dat,19.75
3761,8,Simple8B,/colmajor/uint8-as-uint32/ucr/Earthquakes.dat,22.89
3759,8,SIMDBP128,/colmajor/uint8-as-uint32/ucr/Earthquakes.dat,23.32
3606,8,SIMDBP128,/colmajor/uint8-as-uint32/ucr/ElectricDevices.dat,25.19
3607,8,FastPFOR,/colmajor/uint8-as-uint32/ucr/ElectricDevices.dat,24.59
3608,8,Simple8B,/colmajor/uint8-as-uint32/ucr/ElectricDevices.dat,26.85
3789,8,SIMDBP128,/colmajor/uint8-as-uint32/ucr/FISH.dat,18.86
3790,8,FastPFOR,/colmajor/uint8-as-uint32/ucr/FISH.dat,18.96
3791,8,Simple8B,/colmajor/uint8-as-uint32/ucr/FISH.dat,17.6
3651,8,SIMDBP128,/colmajor/uint8-as-uint32/ucr/FaceAll.dat,25.04
3652,8,FastPFOR,/colmajor/uint8-as-uint32/ucr/FaceAll.dat,22.94
3653,8,Simple8B,/colmajor/uint8-as-uint32/ucr/FaceAll.dat,25.45
3738,8,SIMDBP128,/colmajor/uint8-as-uint32/ucr/FaceFour.dat,25.12
3739,8,FastPFOR,/colmajor/uint8-as-uint32/ucr/FaceFour.dat,25.17
3740,8,Simple8B,/colmajor/uint8-as-uint32/ucr/FaceFour.dat,26.25
3730,8,FastPFOR,/colmajor/uint8-as-uint32/ucr/FacesUCR.dat,22.94
3729,8,SIMDBP128,/colmajor/uint8-as-uint32/ucr/FacesUCR.dat,24.97
3731,8,Simple8B,/colmajor/uint8-as-uint32/ucr/FacesUCR.dat,25.45
3657,8,SIMDBP128,/colmajor/uint8-as-uint32/ucr/FordA.dat,25.2
3659,8,Simple8B,/colmajor/uint8-as-uint32/ucr/FordA.dat,27.51
3658,8,FastPFOR,/colmajor/uint8-as-uint32/ucr/FordA.dat,25.2
3634,8,FastPFOR,/colmajor/uint8-as-uint32/ucr/FordB.dat,25.2
3635,8,Simple8B,/colmajor/uint8-as-uint32/ucr/FordB.dat,28.16
3633,8,SIMDBP128,/colmajor/uint8-as-uint32/ucr/FordB.dat,25.2
3782,8,Simple8B,/colmajor/uint8-as-uint32/ucr/Gun_Point.dat,26.5
3781,8,FastPFOR,/colmajor/uint8-as-uint32/ucr/Gun_Point.dat,25.22
3780,8,SIMDBP128,/colmajor/uint8-as-uint32/ucr/Gun_Point.dat,25.22
3798,8,SIMDBP128,/colmajor/uint8-as-uint32/ucr/Ham.dat,22.62
3799,8,FastPFOR,/colmajor/uint8-as-uint32/ucr/Ham.dat,22.0
3800,8,Simple8B,/colmajor/uint8-as-uint32/ucr/Ham.dat,21.05
3733,8,FastPFOR,/colmajor/uint8-as-uint32/ucr/HandOutlines.dat,24.78
3732,8,SIMDBP128,/colmajor/uint8-as-uint32/ucr/HandOutlines.dat,24.55
3734,8,Simple8B,/colmajor/uint8-as-uint32/ucr/HandOutlines.dat,27.37
3615,8,SIMDBP128,/colmajor/uint8-as-uint32/ucr/Haptics.dat,25.2
3617,8,Simple8B,/colmajor/uint8-as-uint32/ucr/Haptics.dat,28.57
3616,8,FastPFOR,/colmajor/uint8-as-uint32/ucr/Haptics.dat,25.2
3811,8,FastPFOR,/colmajor/uint8-as-uint32/ucr/Herring.dat,25.23
3812,8,Simple8B,/colmajor/uint8-as-uint32/ucr/Herring.dat,26.28
3810,8,SIMDBP128,/colmajor/uint8-as-uint32/ucr/Herring.dat,25.05
3686,8,Simple8B,/colmajor/uint8-as-uint32/ucr/InlineSkate.dat,24.84
3685,8,FastPFOR,/colmajor/uint8-as-uint32/ucr/InlineSkate.dat,22.98
3684,8,SIMDBP128,/colmajor/uint8-as-uint32/ucr/InlineSkate.dat,22.67
3756,8,SIMDBP128,/colmajor/uint8-as-uint32/ucr/InsectWingbeatSound.dat,23.48
3757,8,FastPFOR,/colmajor/uint8-as-uint32/ucr/InsectWingbeatSound.dat,22.58
3758,8,Simple8B,/colmajor/uint8-as-uint32/ucr/InsectWingbeatSound.dat,19.95
3641,8,Simple8B,/colmajor/uint8-as-uint32/ucr/ItalyPowerDemand.dat,27.53
3640,8,FastPFOR,/colmajor/uint8-as-uint32/ucr/ItalyPowerDemand.dat,25.23
3639,8,SIMDBP128,/colmajor/uint8-as-uint32/ucr/ItalyPowerDemand.dat,25.23
3636,8,SIMDBP128,/colmajor/uint8-as-uint32/ucr/LargeKitchenAppliances.dat,15.05
3638,8,Simple8B,/colmajor/uint8-as-uint32/ucr/LargeKitchenAppliances.dat,13.96
3637,8,FastPFOR,/colmajor/uint8-as-uint32/ucr/LargeKitchenAppliances.dat,14.25
3627,8,SIMDBP128,/colmajor/uint8-as-uint32/ucr/Lighting2.dat,16.54
3628,8,FastPFOR,/colmajor/uint8-as-uint32/ucr/Lighting2.dat,16.15
3629,8,Simple8B,/colmajor/uint8-as-uint32/ucr/Lighting2.dat,14.71
3693,8,SIMDBP128,/colmajor/uint8-as-uint32/ucr/Lighting7.dat,19.71
3695,8,Simple8B,/colmajor/uint8-as-uint32/ucr/Lighting7.dat,17.37
3694,8,FastPFOR,/colmajor/uint8-as-uint32/ucr/Lighting7.dat,18.84
3625,8,FastPFOR,/colmajor/uint8-as-uint32/ucr/MALLAT.dat,24.88
3626,8,Simple8B,/colmajor/uint8-as-uint32/ucr/MALLAT.dat,24.06
3624,8,SIMDBP128,/colmajor/uint8-as-uint32/ucr/MALLAT.dat,24.42
3656,8,Simple8B,/colmajor/uint8-as-uint32/ucr/Meat.dat,23.84
3655,8,FastPFOR,/colmajor/uint8-as-uint32/ucr/Meat.dat,24.17
3654,8,SIMDBP128,/colmajor/uint8-as-uint32/ucr/Meat.dat,23.48
3748,8,FastPFOR,/colmajor/uint8-as-uint32/ucr/MedicalImages.dat,23.02
3749,8,Simple8B,/colmajor/uint8-as-uint32/ucr/MedicalImages.dat,22.75
3747,8,SIMDBP128,/colmajor/uint8-as-uint32/ucr/MedicalImages.dat,24.69
3806,8,Simple8B,/colmajor/uint8-as-uint32/ucr/MiddlePhalanxOutlineAgeGroup.dat,26.41
3805,8,FastPFOR,/colmajor/uint8-as-uint32/ucr/MiddlePhalanxOutlineAgeGroup.dat,25.26
3804,8,SIMDBP128,/colmajor/uint8-as-uint32/ucr/MiddlePhalanxOutlineAgeGroup.dat,25.22
3698,8,Simple8B,/colmajor/uint8-as-uint32/ucr/MiddlePhalanxOutlineCorrect.dat,26.29
3697,8,FastPFOR,/colmajor/uint8-as-uint32/ucr/MiddlePhalanxOutlineCorrect.dat,25.23
3696,8,SIMDBP128,/colmajor/uint8-as-uint32/ucr/MiddlePhalanxOutlineCorrect.dat,25.21
3815,8,Simple8B,/colmajor/uint8-as-uint32/ucr/MiddlePhalanxTW.dat,26.31
3813,8,SIMDBP128,/colmajor/uint8-as-uint32/ucr/MiddlePhalanxTW.dat,25.2
3814,8,FastPFOR,/colmajor/uint8-as-uint32/ucr/MiddlePhalanxTW.dat,25.24
3583,8,FastPFOR,/colmajor/uint8-as-uint32/ucr/MoteStrain.dat,25.21
3584,8,Simple8B,/colmajor/uint8-as-uint32/ucr/MoteStrain.dat,27.31
3582,8,SIMDBP128,/colmajor/uint8-as-uint32/ucr/MoteStrain.dat,25.21
3766,8,FastPFOR,/colmajor/uint8-as-uint32/ucr/NonInvasiveFatalECG_Thorax1.dat,25.11
3765,8,SIMDBP128,/colmajor/uint8-as-uint32/ucr/NonInvasiveFatalECG_Thorax1.dat,24.73
3767,8,Simple8B,/colmajor/uint8-as-uint32/ucr/NonInvasiveFatalECG_Thorax1.dat,26.9
3796,8,FastPFOR,/colmajor/uint8-as-uint32/ucr/NonInvasiveFatalECG_Thorax2.dat,24.65
3795,8,SIMDBP128,/colmajor/uint8-as-uint32/ucr/NonInvasiveFatalECG_Thorax2.dat,24.3
3797,8,Simple8B,/colmajor/uint8-as-uint32/ucr/NonInvasiveFatalECG_Thorax2.dat,26.28
3777,8,SIMDBP128,/colmajor/uint8-as-uint32/ucr/OSULeaf.dat,25.2
3778,8,FastPFOR,/colmajor/uint8-as-uint32/ucr/OSULeaf.dat,25.22
3779,8,Simple8B,/colmajor/uint8-as-uint32/ucr/OSULeaf.dat,26.81
3668,8,Simple8B,/colmajor/uint8-as-uint32/ucr/OliveOil.dat,19.48
3666,8,SIMDBP128,/colmajor/uint8-as-uint32/ucr/OliveOil.dat,23.34
3667,8,FastPFOR,/colmajor/uint8-as-uint32/ucr/OliveOil.dat,23.69
3752,8,Simple8B,/colmajor/uint8-as-uint32/ucr/PhalangesOutlinesCorrect.dat,26.46
3750,8,SIMDBP128,/colmajor/uint8-as-uint32/ucr/PhalangesOutlinesCorrect.dat,25.2
3751,8,FastPFOR,/colmajor/uint8-as-uint32/ucr/PhalangesOutlinesCorrect.dat,25.21
3801,8,SIMDBP128,/colmajor/uint8-as-uint32/ucr/Phoneme.dat,25.2
3803,8,Simple8B,/colmajor/uint8-as-uint32/ucr/Phoneme.dat,28.16
3802,8,FastPFOR,/colmajor/uint8-as-uint32/ucr/Phoneme.dat,25.2
3596,8,Simple8B,/colmajor/uint8-as-uint32/ucr/Plane.dat,26.46
3595,8,FastPFOR,/colmajor/uint8-as-uint32/ucr/Plane.dat,25.23
3594,8,SIMDBP128,/colmajor/uint8-as-uint32/ucr/Plane.dat,25.23
3719,8,Simple8B,/colmajor/uint8-as-uint32/ucr/ProximalPhalanxOutlineAgeGroup.dat,25.95
3718,8,FastPFOR,/colmajor/uint8-as-uint32/ucr/ProximalPhalanxOutlineAgeGroup.dat,25.25
3717,8,SIMDBP128,/colmajor/uint8-as-uint32/ucr/ProximalPhalanxOutlineAgeGroup.dat,25.23
3591,8,SIMDBP128,/colmajor/uint8-as-uint32/ucr/ProximalPhalanxOutlineCorrect.dat,25.21
3592,8,FastPFOR,/colmajor/uint8-as-uint32/ucr/ProximalPhalanxOutlineCorrect.dat,25.23
3593,8,Simple8B,/colmajor/uint8-as-uint32/ucr/ProximalPhalanxOutlineCorrect.dat,25.76
3828,8,SIMDBP128,/colmajor/uint8-as-uint32/ucr/ProximalPhalanxTW.dat,25.23
3830,8,Simple8B,/colmajor/uint8-as-uint32/ucr/ProximalPhalanxTW.dat,25.78
3829,8,FastPFOR,/colmajor/uint8-as-uint32/ucr/ProximalPhalanxTW.dat,25.25
3661,8,FastPFOR,/colmajor/uint8-as-uint32/ucr/RefrigerationDevices.dat,25.05
3662,8,Simple8B,/colmajor/uint8-as-uint32/ucr/RefrigerationDevices.dat,26.77
3660,8,SIMDBP128,/colmajor/uint8-as-uint32/ucr/RefrigerationDevices.dat,25.11
3622,8,FastPFOR,/colmajor/uint8-as-uint32/ucr/ScreenType.dat,20.85
3621,8,SIMDBP128,/colmajor/uint8-as-uint32/ucr/ScreenType.dat,20.6
3623,8,Simple8B,/colmajor/uint8-as-uint32/ucr/ScreenType.dat,21.27
3823,8,FastPFOR,/colmajor/uint8-as-uint32/ucr/ShapeletSim.dat,25.22
3824,8,Simple8B,/colmajor/uint8-as-uint32/ucr/ShapeletSim.dat,28.51
3822,8,SIMDBP128,/colmajor/uint8-as-uint32/ucr/ShapeletSim.dat,25.2
3681,8,SIMDBP128,/colmajor/uint8-as-uint32/ucr/ShapesAll.dat,25.17
3682,8,FastPFOR,/colmajor/uint8-as-uint32/ucr/ShapesAll.dat,25.2
3683,8,Simple8B,/colmajor/uint8-as-uint32/ucr/ShapesAll.dat,27.12
3650,8,Simple8B,/colmajor/uint8-as-uint32/ucr/SmallKitchenAppliances.dat,20.29
3649,8,FastPFOR,/colmajor/uint8-as-uint32/ucr/SmallKitchenAppliances.dat,19.27
3648,8,SIMDBP128,/colmajor/uint8-as-uint32/ucr/SmallKitchenAppliances.dat,20.76
3784,8,FastPFOR,/colmajor/uint8-as-uint32/ucr/SonyAIBORobotSurface.dat,25.27
3783,8,SIMDBP128,/colmajor/uint8-as-uint32/ucr/SonyAIBORobotSurface.dat,25.24
3785,8,Simple8B,/colmajor/uint8-as-uint32/ucr/SonyAIBORobotSurface.dat,27.9
3678,8,SIMDBP128,/colmajor/uint8-as-uint32/ucr/SonyAIBORobotSurfaceII.dat,25.22
3679,8,FastPFOR,/colmajor/uint8-as-uint32/ucr/SonyAIBORobotSurfaceII.dat,25.24
3680,8,Simple8B,/colmajor/uint8-as-uint32/ucr/SonyAIBORobotSurfaceII.dat,27.82
3620,8,Simple8B,/colmajor/uint8-as-uint32/ucr/StarLightCurves.dat,23.89
3618,8,SIMDBP128,/colmajor/uint8-as-uint32/ucr/StarLightCurves.dat,22.26
3619,8,FastPFOR,/colmajor/uint8-as-uint32/ucr/StarLightCurves.dat,22.77
3833,8,Simple8B,/colmajor/uint8-as-uint32/ucr/Strawberry.dat,24.72
3832,8,FastPFOR,/colmajor/uint8-as-uint32/ucr/Strawberry.dat,25.2
3831,8,SIMDBP128,/colmajor/uint8-as-uint32/ucr/Strawberry.dat,24.23
3631,8,FastPFOR,/colmajor/uint8-as-uint32/ucr/SwedishLeaf.dat,25.21
3632,8,Simple8B,/colmajor/uint8-as-uint32/ucr/SwedishLeaf.dat,27.29
3630,8,SIMDBP128,/colmajor/uint8-as-uint32/ucr/SwedishLeaf.dat,25.21
3677,8,Simple8B,/colmajor/uint8-as-uint32/ucr/Symbols.dat,26.23
3676,8,FastPFOR,/colmajor/uint8-as-uint32/ucr/Symbols.dat,25.16
3675,8,SIMDBP128,/colmajor/uint8-as-uint32/ucr/Symbols.dat,24.71
3602,8,Simple8B,/colmajor/uint8-as-uint32/ucr/ToeSegmentation1.dat,28.31
3601,8,FastPFOR,/colmajor/uint8-as-uint32/ucr/ToeSegmentation1.dat,25.23
3600,8,SIMDBP128,/colmajor/uint8-as-uint32/ucr/ToeSegmentation1.dat,25.22
3613,8,FastPFOR,/colmajor/uint8-as-uint32/ucr/ToeSegmentation2.dat,25.02
3612,8,SIMDBP128,/colmajor/uint8-as-uint32/ucr/ToeSegmentation2.dat,24.98
3614,8,Simple8B,/colmajor/uint8-as-uint32/ucr/ToeSegmentation2.dat,25.74
3745,8,FastPFOR,/colmajor/uint8-as-uint32/ucr/Trace.dat,23.14
3746,8,Simple8B,/colmajor/uint8-as-uint32/ucr/Trace.dat,24.0
3744,8,SIMDBP128,/colmajor/uint8-as-uint32/ucr/Trace.dat,23.68
3665,8,Simple8B,/colmajor/uint8-as-uint32/ucr/TwoLeadECG.dat,28.34
3663,8,SIMDBP128,/colmajor/uint8-as-uint32/ucr/TwoLeadECG.dat,25.22
3664,8,FastPFOR,/colmajor/uint8-as-uint32/ucr/TwoLeadECG.dat,25.25
3689,8,Simple8B,/colmajor/uint8-as-uint32/ucr/Two_Patterns.dat,27.69
3687,8,SIMDBP128,/colmajor/uint8-as-uint32/ucr/Two_Patterns.dat,25.2
3688,8,FastPFOR,/colmajor/uint8-as-uint32/ucr/Two_Patterns.dat,25.21
3726,8,SIMDBP128,/colmajor/uint8-as-uint32/ucr/UWaveGestureLibraryAll.dat,24.23
3728,8,Simple8B,/colmajor/uint8-as-uint32/ucr/UWaveGestureLibraryAll.dat,25.79
3727,8,FastPFOR,/colmajor/uint8-as-uint32/ucr/UWaveGestureLibraryAll.dat,24.76
3647,8,Simple8B,/colmajor/uint8-as-uint32/ucr/Wine.dat,25.57
3646,8,FastPFOR,/colmajor/uint8-as-uint32/ucr/Wine.dat,25.25
3645,8,SIMDBP128,/colmajor/uint8-as-uint32/ucr/Wine.dat,25.06
3603,8,SIMDBP128,/colmajor/uint8-as-uint32/ucr/WordsSynonyms.dat,24.31
3605,8,Simple8B,/colmajor/uint8-as-uint32/ucr/WordsSynonyms.dat,24.11
3604,8,FastPFOR,/colmajor/uint8-as-uint32/ucr/WordsSynonyms.dat,24.57
3590,8,Simple8B,/colmajor/uint8-as-uint32/ucr/Worms.dat,26.96
3589,8,FastPFOR,/colmajor/uint8-as-uint32/ucr/Worms.dat,25.01
3588,8,SIMDBP128,/colmajor/uint8-as-uint32/ucr/Worms.dat,24.84
3788,8,Simple8B,/colmajor/uint8-as-uint32/ucr/WormsTwoClass.dat,26.96
3787,8,FastPFOR,/colmajor/uint8-as-uint32/ucr/WormsTwoClass.dat,25.01
3786,8,SIMDBP128,/colmajor/uint8-as-uint32/ucr/WormsTwoClass.dat,24.84
3672,8,SIMDBP128,/colmajor/uint8-as-uint32/ucr/synthetic_control.dat,25.23
3674,8,Simple8B,/colmajor/uint8-as-uint32/ucr/synthetic_control.dat,27.91
3673,8,FastPFOR,/colmajor/uint8-as-uint32/ucr/synthetic_control.dat,25.23
3771,8,SIMDBP128,/colmajor/uint8-as-uint32/ucr/uWaveGestureLibrary_X.dat,24.7
3772,8,FastPFOR,/colmajor/uint8-as-uint32/ucr/uWaveGestureLibrary_X.dat,25.07
3773,8,Simple8B,/colmajor/uint8-as-uint32/ucr/uWaveGestureLibrary_X.dat,26.41
3762,8,SIMDBP128,/colmajor/uint8-as-uint32/ucr/uWaveGestureLibrary_Y.dat,22.81
3763,8,FastPFOR,/colmajor/uint8-as-uint32/ucr/uWaveGestureLibrary_Y.dat,22.8
3764,8,Simple8B,/colmajor/uint8-as-uint32/ucr/uWaveGestureLibrary_Y.dat,24.58
3794,8,Simple8B,/colmajor/uint8-as-uint32/ucr/uWaveGestureLibrary_Z.dat,26.54
3792,8,SIMDBP128,/colmajor/uint8-as-uint32/ucr/uWaveGestureLibrary_Z.dat,24.85
3793,8,FastPFOR,/colmajor/uint8-as-uint32/ucr/uWaveGestureLibrary_Z.dat,25.13
3585,8,SIMDBP128,/colmajor/uint8-as-uint32/ucr/wafer.dat,22.31
3586,8,FastPFOR,/colmajor/uint8-as-uint32/ucr/wafer.dat,22.0
3587,8,Simple8B,/colmajor/uint8-as-uint32/ucr/wafer.dat,21.85
3775,8,FastPFOR,/colmajor/uint8-as-uint32/ucr/yoga.dat,25.2
3774,8,SIMDBP128,/colmajor/uint8-as-uint32/ucr/yoga.dat,25.19
3776,8,Simple8B,/colmajor/uint8-as-uint32/ucr/yoga.dat,26.99
2626,8,Huffman,/colmajor/uint8/ucr/50words.dat,84.14
2620,8,Zstd -1,/colmajor/uint8/ucr/50words.dat,57.39
2621,8,Zstd -9,/colmajor/uint8/ucr/50words.dat,45.21
2622,8,Snappy,/colmajor/uint8/ucr/50words.dat,68.75
2623,8,LZ4,/colmajor/uint8/ucr/50words.dat,71.94
2624,8,Zlib -1,/colmajor/uint8/ucr/50words.dat,54.6
2625,8,Zlib -9,/colmajor/uint8/ucr/50words.dat,48.12
2454,8,Snappy,/colmajor/uint8/ucr/Adiac.dat,79.22
2457,8,Zlib -9,/colmajor/uint8/ucr/Adiac.dat,47.34
2456,8,Zlib -1,/colmajor/uint8/ucr/Adiac.dat,53.65
2455,8,LZ4,/colmajor/uint8/ucr/Adiac.dat,72.84
2458,8,Huffman,/colmajor/uint8/ucr/Adiac.dat,94.42
2452,8,Zstd -1,/colmajor/uint8/ucr/Adiac.dat,59.93
2453,8,Zstd -9,/colmajor/uint8/ucr/Adiac.dat,45.64
2377,8,Snappy,/colmajor/uint8/ucr/ArrowHead.dat,100.01
2378,8,LZ4,/colmajor/uint8/ucr/ArrowHead.dat,93.66
2379,8,Zlib -1,/colmajor/uint8/ucr/ArrowHead.dat,71.92
2380,8,Zlib -9,/colmajor/uint8/ucr/ArrowHead.dat,73.98
2381,8,Huffman,/colmajor/uint8/ucr/ArrowHead.dat,94.6
2376,8,Zstd -9,/colmajor/uint8/ucr/ArrowHead.dat,78.94
2375,8,Zstd -1,/colmajor/uint8/ucr/ArrowHead.dat,93.06
2193,8,Zstd -1,/colmajor/uint8/ucr/Beef.dat,62.22
2194,8,Zstd -9,/colmajor/uint8/ucr/Beef.dat,53.56
2195,8,Snappy,/colmajor/uint8/ucr/Beef.dat,69.75
2196,8,LZ4,/colmajor/uint8/ucr/Beef.dat,72.7
2197,8,Zlib -1,/colmajor/uint8/ucr/Beef.dat,56.99
2198,8,Zlib -9,/colmajor/uint8/ucr/Beef.dat,52.79
2199,8,Huffman,/colmajor/uint8/ucr/Beef.dat,85.89
2411,8,Zstd -9,/colmajor/uint8/ucr/BeetleFly.dat,86.96
2412,8,Snappy,/colmajor/uint8/ucr/BeetleFly.dat,100.03
2413,8,LZ4,/colmajor/uint8/ucr/BeetleFly.dat,95.99
2414,8,Zlib -1,/colmajor/uint8/ucr/BeetleFly.dat,79.63
2415,8,Zlib -9,/colmajor/uint8/ucr/BeetleFly.dat,81.16
2416,8,Huffman,/colmajor/uint8/ucr/BeetleFly.dat,100.04
2410,8,Zstd -1,/colmajor/uint8/ucr/BeetleFly.dat,100.05
2331,8,Zlib -9,/colmajor/uint8/ucr/BirdChicken.dat,66.58
2327,8,Zstd -9,/colmajor/uint8/ucr/BirdChicken.dat,70.26
2328,8,Snappy,/colmajor/uint8/ucr/BirdChicken.dat,100.03
2329,8,LZ4,/colmajor/uint8/ucr/BirdChicken.dat,85.26
2326,8,Zstd -1,/colmajor/uint8/ucr/BirdChicken.dat,85.78
2332,8,Huffman,/colmajor/uint8/ucr/BirdChicken.dat,94.76
2330,8,Zlib -1,/colmajor/uint8/ucr/BirdChicken.dat,67.3
2333,8,Zstd -1,/colmajor/uint8/ucr/CBF.dat,89.31
2334,8,Zstd -9,/colmajor/uint8/ucr/CBF.dat,88.98
2335,8,Snappy,/colmajor/uint8/ucr/CBF.dat,100.01
2336,8,LZ4,/colmajor/uint8/ucr/CBF.dat,100.39
2337,8,Zlib -1,/colmajor/uint8/ucr/CBF.dat,88.88
2338,8,Zlib -9,/colmajor/uint8/ucr/CBF.dat,89.12
2339,8,Huffman,/colmajor/uint8/ucr/CBF.dat,89.3
2385,8,LZ4,/colmajor/uint8/ucr/Car.dat,71.68
2382,8,Zstd -1,/colmajor/uint8/ucr/Car.dat,65.65
2384,8,Snappy,/colmajor/uint8/ucr/Car.dat,71.96
2383,8,Zstd -9,/colmajor/uint8/ucr/Car.dat,46.71
2388,8,Huffman,/colmajor/uint8/ucr/Car.dat,96.73
2387,8,Zlib -9,/colmajor/uint8/ucr/Car.dat,45.77
2386,8,Zlib -1,/colmajor/uint8/ucr/Car.dat,52.58
2311,8,Huffman,/colmajor/uint8/ucr/ChlorineConcentration.dat,63.27
2310,8,Zlib -9,/colmajor/uint8/ucr/ChlorineConcentration.dat,48.98
2305,8,Zstd -1,/colmajor/uint8/ucr/ChlorineConcentration.dat,46.4
2306,8,Zstd -9,/colmajor/uint8/ucr/ChlorineConcentration.dat,31.45
2309,8,Zlib -1,/colmajor/uint8/ucr/ChlorineConcentration.dat,55.28
2308,8,LZ4,/colmajor/uint8/ucr/ChlorineConcentration.dat,85.42
2307,8,Snappy,/colmajor/uint8/ucr/ChlorineConcentration.dat,81.89
2354,8,Zstd -1,/colmajor/uint8/ucr/CinC_ECG_torso.dat,25.67
2357,8,LZ4,/colmajor/uint8/ucr/CinC_ECG_torso.dat,39.35
2360,8,Huffman,/colmajor/uint8/ucr/CinC_ECG_torso.dat,60.3
2359,8,Zlib -9,/colmajor/uint8/ucr/CinC_ECG_torso.dat,21.56
2355,8,Zstd -9,/colmajor/uint8/ucr/CinC_ECG_torso.dat,21.46
2358,8,Zlib -1,/colmajor/uint8/ucr/CinC_ECG_torso.dat,28.43
2356,8,Snappy,/colmajor/uint8/ucr/CinC_ECG_torso.dat,35.54
2120,8,Zlib -1,/colmajor/uint8/ucr/Coffee.dat,79.25
2119,8,LZ4,/colmajor/uint8/ucr/Coffee.dat,93.24
2121,8,Zlib -9,/colmajor/uint8/ucr/Coffee.dat,79.41
2118,8,Snappy,/colmajor/uint8/ucr/Coffee.dat,99.42
2117,8,Zstd -9,/colmajor/uint8/ucr/Coffee.dat,82.82
2116,8,Zstd -1,/colmajor/uint8/ucr/Coffee.dat,88.54
2122,8,Huffman,/colmajor/uint8/ucr/Coffee.dat,95.67
2427,8,LZ4,/colmajor/uint8/ucr/Computers.dat,20.28
2429,8,Zlib -9,/colmajor/uint8/ucr/Computers.dat,9.31
2428,8,Zlib -1,/colmajor/uint8/ucr/Computers.dat,12.26
2426,8,Snappy,/colmajor/uint8/ucr/Computers.dat,19.64
2425,8,Zstd -9,/colmajor/uint8/ucr/Computers.dat,10.0
2424,8,Zstd -1,/colmajor/uint8/ucr/Computers.dat,12.69
2430,8,Huffman,/colmajor/uint8/ucr/Computers.dat,50.6
2599,8,Zstd -1,/colmajor/uint8/ucr/Cricket_X.dat,66.14
2600,8,Zstd -9,/colmajor/uint8/ucr/Cricket_X.dat,57.81
2602,8,LZ4,/colmajor/uint8/ucr/Cricket_X.dat,88.41
2603,8,Zlib -1,/colmajor/uint8/ucr/Cricket_X.dat,62.22
2604,8,Zlib -9,/colmajor/uint8/ucr/Cricket_X.dat,59.4
2605,8,Huffman,/colmajor/uint8/ucr/Cricket_X.dat,72.99
2601,8,Snappy,/colmajor/uint8/ucr/Cricket_X.dat,84.78
2578,8,Zstd -1,/colmajor/uint8/ucr/Cricket_Y.dat,66.54
2579,8,Zstd -9,/colmajor/uint8/ucr/Cricket_Y.dat,58.09
2580,8,Snappy,/colmajor/uint8/ucr/Cricket_Y.dat,84.75
2581,8,LZ4,/colmajor/uint8/ucr/Cricket_Y.dat,88.4
2583,8,Zlib -9,/colmajor/uint8/ucr/Cricket_Y.dat,59.69
2582,8,Zlib -1,/colmajor/uint8/ucr/Cricket_Y.dat,62.16
2584,8,Huffman,/colmajor/uint8/ucr/Cricket_Y.dat,73.33
2610,8,Zlib -1,/colmajor/uint8/ucr/Cricket_Z.dat,62.43
2606,8,Zstd -1,/colmajor/uint8/ucr/Cricket_Z.dat,66.42
2609,8,LZ4,/colmajor/uint8/ucr/Cricket_Z.dat,88.57
2608,8,Snappy,/colmajor/uint8/ucr/Cricket_Z.dat,84.92
2607,8,Zstd -9,/colmajor/uint8/ucr/Cricket_Z.dat,57.98
2611,8,Zlib -9,/colmajor/uint8/ucr/Cricket_Z.dat,59.67
2612,8,Huffman,/colmajor/uint8/ucr/Cricket_Z.dat,73.18
2048,8,Snappy,/colmajor/uint8/ucr/DiatomSizeReduction.dat,67.96
2047,8,Zstd -9,/colmajor/uint8/ucr/DiatomSizeReduction.dat,39.66
2046,8,Zstd -1,/colmajor/uint8/ucr/DiatomSizeReduction.dat,56.97
2045,8,Memcpy,/colmajor/uint8/ucr/DiatomSizeReduction.dat,100.0
2049,8,LZ4,/colmajor/uint8/ucr/DiatomSizeReduction.dat,65.55
2050,8,Zlib -1,/colmajor/uint8/ucr/DiatomSizeReduction.dat,48.27
2051,8,Zlib -9,/colmajor/uint8/ucr/DiatomSizeReduction.dat,40.69
2052,8,Huffman,/colmajor/uint8/ucr/DiatomSizeReduction.dat,95.38
2340,8,Zstd -1,/colmajor/uint8/ucr/DistalPhalanxOutlineAgeGroup.dat,79.29
2345,8,Zlib -9,/colmajor/uint8/ucr/DistalPhalanxOutlineAgeGroup.dat,74.57
2344,8,Zlib -1,/colmajor/uint8/ucr/DistalPhalanxOutlineAgeGroup.dat,73.79
2343,8,LZ4,/colmajor/uint8/ucr/DistalPhalanxOutlineAgeGroup.dat,83.13
2342,8,Snappy,/colmajor/uint8/ucr/DistalPhalanxOutlineAgeGroup.dat,86.17
2341,8,Zstd -9,/colmajor/uint8/ucr/DistalPhalanxOutlineAgeGroup.dat,76.22
2346,8,Huffman,/colmajor/uint8/ucr/DistalPhalanxOutlineAgeGroup.dat,91.16
2089,8,Zstd -9,/colmajor/uint8/ucr/DistalPhalanxOutlineCorrect.dat,76.31
2091,8,LZ4,/colmajor/uint8/ucr/DistalPhalanxOutlineCorrect.dat,86.02
2094,8,Huffman,/colmajor/uint8/ucr/DistalPhalanxOutlineCorrect.dat,91.11
2088,8,Zstd -1,/colmajor/uint8/ucr/DistalPhalanxOutlineCorrect.dat,80.0
2092,8,Zlib -1,/colmajor/uint8/ucr/DistalPhalanxOutlineCorrect.dat,73.1
2093,8,Zlib -9,/colmajor/uint8/ucr/DistalPhalanxOutlineCorrect.dat,74.95
2090,8,Snappy,/colmajor/uint8/ucr/DistalPhalanxOutlineCorrect.dat,95.95
2349,8,Snappy,/colmajor/uint8/ucr/DistalPhalanxTW.dat,85.51
2351,8,Zlib -1,/colmajor/uint8/ucr/DistalPhalanxTW.dat,74.81
2352,8,Zlib -9,/colmajor/uint8/ucr/DistalPhalanxTW.dat,76.01
2348,8,Zstd -9,/colmajor/uint8/ucr/DistalPhalanxTW.dat,76.91
2347,8,Zstd -1,/colmajor/uint8/ucr/DistalPhalanxTW.dat,80.03
2350,8,LZ4,/colmajor/uint8/ucr/DistalPhalanxTW.dat,84.18
2353,8,Huffman,/colmajor/uint8/ucr/DistalPhalanxTW.dat,91.06
2256,8,Zstd -1,/colmajor/uint8/ucr/ECG200.dat,87.76
2259,8,LZ4,/colmajor/uint8/ucr/ECG200.dat,100.22
2260,8,Zlib -1,/colmajor/uint8/ucr/ECG200.dat,85.2
2258,8,Snappy,/colmajor/uint8/ucr/ECG200.dat,100.03
2257,8,Zstd -9,/colmajor/uint8/ucr/ECG200.dat,86.78
2262,8,Huffman,/colmajor/uint8/ucr/ECG200.dat,87.69
2261,8,Zlib -9,/colmajor/uint8/ucr/ECG200.dat,85.81
2366,8,Zlib -9,/colmajor/uint8/ucr/ECG5000.dat,56.9
2365,8,Zlib -1,/colmajor/uint8/ucr/ECG5000.dat,60.44
2367,8,Huffman,/colmajor/uint8/ucr/ECG5000.dat,73.04
2364,8,LZ4,/colmajor/uint8/ucr/ECG5000.dat,84.93
2361,8,Zstd -1,/colmajor/uint8/ucr/ECG5000.dat,67.47
2363,8,Snappy,/colmajor/uint8/ucr/ECG5000.dat,80.78
2362,8,Zstd -9,/colmajor/uint8/ucr/ECG5000.dat,55.22
2491,8,Zlib -1,/colmajor/uint8/ucr/ECGFiveDays.dat,52.49
2490,8,LZ4,/colmajor/uint8/ucr/ECGFiveDays.dat,70.6
2488,8,Zstd -9,/colmajor/uint8/ucr/ECGFiveDays.dat,45.81
2492,8,Zlib -9,/colmajor/uint8/ucr/ECGFiveDays.dat,46.47
2493,8,Huffman,/colmajor/uint8/ucr/ECGFiveDays.dat,64.44
2487,8,Zstd -1,/colmajor/uint8/ucr/ECGFiveDays.dat,53.26
2489,8,Snappy,/colmajor/uint8/ucr/ECGFiveDays.dat,66.64
2470,8,Zlib -1,/colmajor/uint8/ucr/Earthquakes.dat,37.06
2469,8,LZ4,/colmajor/uint8/ucr/Earthquakes.dat,49.52
2468,8,Snappy,/colmajor/uint8/ucr/Earthquakes.dat,48.63
2472,8,Huffman,/colmajor/uint8/ucr/Earthquakes.dat,62.34
2467,8,Zstd -9,/colmajor/uint8/ucr/Earthquakes.dat,31.62
2466,8,Zstd -1,/colmajor/uint8/ucr/Earthquakes.dat,35.92
2471,8,Zlib -9,/colmajor/uint8/ucr/Earthquakes.dat,31.11
2109,8,Zstd -1,/colmajor/uint8/ucr/ElectricDevices.dat,30.82
2114,8,Zlib -9,/colmajor/uint8/ucr/ElectricDevices.dat,26.11
2113,8,Zlib -1,/colmajor/uint8/ucr/ElectricDevices.dat,30.22
2112,8,LZ4,/colmajor/uint8/ucr/ElectricDevices.dat,41.43
2111,8,Snappy,/colmajor/uint8/ucr/ElectricDevices.dat,40.67
2110,8,Zstd -9,/colmajor/uint8/ucr/ElectricDevices.dat,27.21
2115,8,Huffman,/colmajor/uint8/ucr/ElectricDevices.dat,58.56
2536,8,Zstd -1,/colmajor/uint8/ucr/FISH.dat,26.53
2537,8,Zstd -9,/colmajor/uint8/ucr/FISH.dat,19.16
2538,8,Snappy,/colmajor/uint8/ucr/FISH.dat,38.72
2541,8,Zlib -9,/colmajor/uint8/ucr/FISH.dat,18.28
2542,8,Huffman,/colmajor/uint8/ucr/FISH.dat,72.29
2539,8,LZ4,/colmajor/uint8/ucr/FISH.dat,42.13
2540,8,Zlib -1,/colmajor/uint8/ucr/FISH.dat,30.72
2220,8,Huffman,/colmajor/uint8/ucr/FaceAll.dat,77.51
2218,8,Zlib -1,/colmajor/uint8/ucr/FaceAll.dat,74.74
2217,8,LZ4,/colmajor/uint8/ucr/FaceAll.dat,99.44
2216,8,Snappy,/colmajor/uint8/ucr/FaceAll.dat,99.52
2215,8,Zstd -9,/colmajor/uint8/ucr/FaceAll.dat,74.53
2214,8,Zstd -1,/colmajor/uint8/ucr/FaceAll.dat,77.47
2219,8,Zlib -9,/colmajor/uint8/ucr/FaceAll.dat,74.53
2423,8,Huffman,/colmajor/uint8/ucr/FaceFour.dat,82.35
2422,8,Zlib -9,/colmajor/uint8/ucr/FaceFour.dat,64.53
2421,8,Zlib -1,/colmajor/uint8/ucr/FaceFour.dat,65.94
2420,8,LZ4,/colmajor/uint8/ucr/FaceFour.dat,85.41
2417,8,Zstd -1,/colmajor/uint8/ucr/FaceFour.dat,77.96
2418,8,Zstd -9,/colmajor/uint8/ucr/FaceFour.dat,65.33
2419,8,Snappy,/colmajor/uint8/ucr/FaceFour.dat,87.68
2398,8,Snappy,/colmajor/uint8/ucr/FacesUCR.dat,100.01
2401,8,Zlib -9,/colmajor/uint8/ucr/FacesUCR.dat,75.57
2400,8,Zlib -1,/colmajor/uint8/ucr/FacesUCR.dat,75.62
2396,8,Zstd -1,/colmajor/uint8/ucr/FacesUCR.dat,78.1
2397,8,Zstd -9,/colmajor/uint8/ucr/FacesUCR.dat,75.07
2399,8,LZ4,/colmajor/uint8/ucr/FacesUCR.dat,100.07
2402,8,Huffman,/colmajor/uint8/ucr/FacesUCR.dat,78.09
2232,8,Zlib -1,/colmajor/uint8/ucr/FordA.dat,71.29
2233,8,Zlib -9,/colmajor/uint8/ucr/FordA.dat,71.5
2234,8,Huffman,/colmajor/uint8/ucr/FordA.dat,85.29
2228,8,Zstd -1,/colmajor/uint8/ucr/FordA.dat,85.14
2229,8,Zstd -9,/colmajor/uint8/ucr/FordA.dat,60.6
2231,8,LZ4,/colmajor/uint8/ucr/FordA.dat,98.95
2230,8,Snappy,/colmajor/uint8/ucr/FordA.dat,99.85
2173,8,Zstd -9,/colmajor/uint8/ucr/FordB.dat,59.67
2172,8,Zstd -1,/colmajor/uint8/ucr/FordB.dat,83.25
2178,8,Huffman,/colmajor/uint8/ucr/FordB.dat,83.47
2177,8,Zlib -9,/colmajor/uint8/ucr/FordB.dat,69.85
2176,8,Zlib -1,/colmajor/uint8/ucr/FordB.dat,70.02
2175,8,LZ4,/colmajor/uint8/ucr/FordB.dat,98.77
2174,8,Snappy,/colmajor/uint8/ucr/FordB.dat,99.48
2521,8,Huffman,/colmajor/uint8/ucr/Gun_Point.dat,88.48
2520,8,Zlib -9,/colmajor/uint8/ucr/Gun_Point.dat,48.96
2519,8,Zlib -1,/colmajor/uint8/ucr/Gun_Point.dat,52.82
2517,8,Snappy,/colmajor/uint8/ucr/Gun_Point.dat,63.67
2515,8,Zstd -1,/colmajor/uint8/ucr/Gun_Point.dat,58.33
2518,8,LZ4,/colmajor/uint8/ucr/Gun_Point.dat,65.88
2516,8,Zstd -9,/colmajor/uint8/ucr/Gun_Point.dat,50.01
2557,8,Zstd -1,/colmajor/uint8/ucr/Ham.dat,61.47
2558,8,Zstd -9,/colmajor/uint8/ucr/Ham.dat,51.57
2559,8,Snappy,/colmajor/uint8/ucr/Ham.dat,72.59
2560,8,LZ4,/colmajor/uint8/ucr/Ham.dat,77.82
2561,8,Zlib -1,/colmajor/uint8/ucr/Ham.dat,57.1
2562,8,Zlib -9,/colmajor/uint8/ucr/Ham.dat,52.15
2563,8,Huffman,/colmajor/uint8/ucr/Ham.dat,74.54
2403,8,Zstd -1,/colmajor/uint8/ucr/HandOutlines.dat,25.99
2404,8,Zstd -9,/colmajor/uint8/ucr/HandOutlines.dat,20.48
2405,8,Snappy,/colmajor/uint8/ucr/HandOutlines.dat,43.83
2406,8,LZ4,/colmajor/uint8/ucr/HandOutlines.dat,40.78
2408,8,Zlib -9,/colmajor/uint8/ucr/HandOutlines.dat,19.49
2409,8,Huffman,/colmajor/uint8/ucr/HandOutlines.dat,92.89
2407,8,Zlib -1,/colmajor/uint8/ucr/HandOutlines.dat,33.75
2130,8,Zstd -1,/colmajor/uint8/ucr/Haptics.dat,25.54
2134,8,Zlib -1,/colmajor/uint8/ucr/Haptics.dat,31.53
2135,8,Zlib -9,/colmajor/uint8/ucr/Haptics.dat,19.33
2136,8,Huffman,/colmajor/uint8/ucr/Haptics.dat,72.18
2131,8,Zstd -9,/colmajor/uint8/ucr/Haptics.dat,21.29
2132,8,Snappy,/colmajor/uint8/ucr/Haptics.dat,38.22
2133,8,LZ4,/colmajor/uint8/ucr/Haptics.dat,42.07
2591,8,Huffman,/colmajor/uint8/ucr/Herring.dat,97.12
2585,8,Zstd -1,/colmajor/uint8/ucr/Herring.dat,85.47
2586,8,Zstd -9,/colmajor/uint8/ucr/Herring.dat,56.8
2587,8,Snappy,/colmajor/uint8/ucr/Herring.dat,81.41
2589,8,Zlib -1,/colmajor/uint8/ucr/Herring.dat,59.3
2590,8,Zlib -9,/colmajor/uint8/ucr/Herring.dat,55.76
2588,8,LZ4,/colmajor/uint8/ucr/Herring.dat,87.07
2297,8,Huffman,/colmajor/uint8/ucr/InlineSkate.dat,88.19
2296,8,Zlib -9,/colmajor/uint8/ucr/InlineSkate.dat,38.15
2295,8,Zlib -1,/colmajor/uint8/ucr/InlineSkate.dat,45.29
2293,8,Snappy,/colmajor/uint8/ucr/InlineSkate.dat,60.89
2292,8,Zstd -9,/colmajor/uint8/ucr/InlineSkate.dat,34.7
2294,8,LZ4,/colmajor/uint8/ucr/InlineSkate.dat,62.04
2291,8,Zstd -1,/colmajor/uint8/ucr/InlineSkate.dat,51.87
2463,8,Zlib -1,/colmajor/uint8/ucr/InsectWingbeatSound.dat,51.83
2464,8,Zlib -9,/colmajor/uint8/ucr/InsectWingbeatSound.dat,46.16
2465,8,Huffman,/colmajor/uint8/ucr/InsectWingbeatSound.dat,73.01
2461,8,Snappy,/colmajor/uint8/ucr/InsectWingbeatSound.dat,62.0
2460,8,Zstd -9,/colmajor/uint8/ucr/InsectWingbeatSound.dat,45.31
2459,8,Zstd -1,/colmajor/uint8/ucr/InsectWingbeatSound.dat,52.96
2462,8,LZ4,/colmajor/uint8/ucr/InsectWingbeatSound.dat,65.85
2186,8,Zstd -1,/colmajor/uint8/ucr/ItalyPowerDemand.dat,91.35
2188,8,Snappy,/colmajor/uint8/ucr/ItalyPowerDemand.dat,100.02
2189,8,LZ4,/colmajor/uint8/ucr/ItalyPowerDemand.dat,99.19
2190,8,Zlib -1,/colmajor/uint8/ucr/ItalyPowerDemand.dat,86.64
2191,8,Zlib -9,/colmajor/uint8/ucr/ItalyPowerDemand.dat,86.92
2192,8,Huffman,/colmajor/uint8/ucr/ItalyPowerDemand.dat,91.32
2187,8,Zstd -9,/colmajor/uint8/ucr/ItalyPowerDemand.dat,87.41
2185,8,Huffman,/colmajor/uint8/ucr/LargeKitchenAppliances.dat,26.21
2184,8,Zlib -9,/colmajor/uint8/ucr/LargeKitchenAppliances.dat,5.62
2181,8,Snappy,/colmajor/uint8/ucr/LargeKitchenAppliances.dat,11.4
2180,8,Zstd -9,/colmajor/uint8/ucr/LargeKitchenAppliances.dat,5.65
2179,8,Zstd -1,/colmajor/uint8/ucr/LargeKitchenAppliances.dat,6.24
2182,8,LZ4,/colmajor/uint8/ucr/LargeKitchenAppliances.dat,8.32
2183,8,Zlib -1,/colmajor/uint8/ucr/LargeKitchenAppliances.dat,6.74
2163,8,Zlib -9,/colmajor/uint8/ucr/Lighting2.dat,37.1
2159,8,Zstd -9,/colmajor/uint8/ucr/Lighting2.dat,36.64
2164,8,Huffman,/colmajor/uint8/ucr/Lighting2.dat,59.02
2160,8,Snappy,/colmajor/uint8/ucr/Lighting2.dat,54.74
2161,8,LZ4,/colmajor/uint8/ucr/Lighting2.dat,57.2
2162,8,Zlib -1,/colmajor/uint8/ucr/Lighting2.dat,40.89
2158,8,Zstd -1,/colmajor/uint8/ucr/Lighting2.dat,39.0
2314,8,Snappy,/colmajor/uint8/ucr/Lighting7.dat,65.43
2315,8,LZ4,/colmajor/uint8/ucr/Lighting7.dat,67.5
2316,8,Zlib -1,/colmajor/uint8/ucr/Lighting7.dat,49.29
2317,8,Zlib -9,/colmajor/uint8/ucr/Lighting7.dat,46.29
2318,8,Huffman,/colmajor/uint8/ucr/Lighting7.dat,65.42
2313,8,Zstd -9,/colmajor/uint8/ucr/Lighting7.dat,45.17
2312,8,Zstd -1,/colmajor/uint8/ucr/Lighting7.dat,48.09
2152,8,Zstd -9,/colmajor/uint8/ucr/MALLAT.dat,30.66
2151,8,Zstd -1,/colmajor/uint8/ucr/MALLAT.dat,50.39
2156,8,Zlib -9,/colmajor/uint8/ucr/MALLAT.dat,41.59
2157,8,Huffman,/colmajor/uint8/ucr/MALLAT.dat,91.71
2155,8,Zlib -1,/colmajor/uint8/ucr/MALLAT.dat,50.69
2154,8,LZ4,/colmajor/uint8/ucr/MALLAT.dat,65.04
2153,8,Snappy,/colmajor/uint8/ucr/MALLAT.dat,65.33
2227,8,Huffman,/colmajor/uint8/ucr/Meat.dat,78.77
2226,8,Zlib -9,/colmajor/uint8/ucr/Meat.dat,25.48
2225,8,Zlib -1,/colmajor/uint8/ucr/Meat.dat,35.28
2224,8,LZ4,/colmajor/uint8/ucr/Meat.dat,50.24
2223,8,Snappy,/colmajor/uint8/ucr/Meat.dat,43.73
2222,8,Zstd -9,/colmajor/uint8/ucr/Meat.dat,25.56
2221,8,Zstd -1,/colmajor/uint8/ucr/Meat.dat,32.03
2444,8,Huffman,/colmajor/uint8/ucr/MedicalImages.dat,75.26
2443,8,Zlib -9,/colmajor/uint8/ucr/MedicalImages.dat,50.69
2442,8,Zlib -1,/colmajor/uint8/ucr/MedicalImages.dat,56.94
2441,8,LZ4,/colmajor/uint8/ucr/MedicalImages.dat,74.01
2440,8,Snappy,/colmajor/uint8/ucr/MedicalImages.dat,69.4
2438,8,Zstd -1,/colmajor/uint8/ucr/MedicalImages.dat,58.15
2439,8,Zstd -9,/colmajor/uint8/ucr/MedicalImages.dat,49.48
2576,8,Zlib -9,/colmajor/uint8/ucr/MiddlePhalanxOutlineAgeGroup.dat,75.89
2573,8,Snappy,/colmajor/uint8/ucr/MiddlePhalanxOutlineAgeGroup.dat,87.24
2572,8,Zstd -9,/colmajor/uint8/ucr/MiddlePhalanxOutlineAgeGroup.dat,78.29
2574,8,LZ4,/colmajor/uint8/ucr/MiddlePhalanxOutlineAgeGroup.dat,86.24
2571,8,Zstd -1,/colmajor/uint8/ucr/MiddlePhalanxOutlineAgeGroup.dat,82.53
2575,8,Zlib -1,/colmajor/uint8/ucr/MiddlePhalanxOutlineAgeGroup.dat,73.89
2577,8,Huffman,/colmajor/uint8/ucr/MiddlePhalanxOutlineAgeGroup.dat,92.44
2321,8,Snappy,/colmajor/uint8/ucr/MiddlePhalanxOutlineCorrect.dat,95.53
2325,8,Huffman,/colmajor/uint8/ucr/MiddlePhalanxOutlineCorrect.dat,92.62
2324,8,Zlib -9,/colmajor/uint8/ucr/MiddlePhalanxOutlineCorrect.dat,75.55
2323,8,Zlib -1,/colmajor/uint8/ucr/MiddlePhalanxOutlineCorrect.dat,72.33
2319,8,Zstd -1,/colmajor/uint8/ucr/MiddlePhalanxOutlineCorrect.dat,83.31
2320,8,Zstd -9,/colmajor/uint8/ucr/MiddlePhalanxOutlineCorrect.dat,77.51
2322,8,LZ4,/colmajor/uint8/ucr/MiddlePhalanxOutlineCorrect.dat,88.59
2593,8,Zstd -9,/colmajor/uint8/ucr/MiddlePhalanxTW.dat,79.01
2592,8,Zstd -1,/colmajor/uint8/ucr/MiddlePhalanxTW.dat,83.22
2597,8,Zlib -9,/colmajor/uint8/ucr/MiddlePhalanxTW.dat,77.8
2594,8,Snappy,/colmajor/uint8/ucr/MiddlePhalanxTW.dat,88.37
2595,8,LZ4,/colmajor/uint8/ucr/MiddlePhalanxTW.dat,87.15
2596,8,Zlib -1,/colmajor/uint8/ucr/MiddlePhalanxTW.dat,75.13
2598,8,Huffman,/colmajor/uint8/ucr/MiddlePhalanxTW.dat,92.49
2053,8,Zstd -1,/colmajor/uint8/ucr/MoteStrain.dat,61.29
2054,8,Zstd -9,/colmajor/uint8/ucr/MoteStrain.dat,50.9
2055,8,Snappy,/colmajor/uint8/ucr/MoteStrain.dat,77.28
2057,8,Zlib -1,/colmajor/uint8/ucr/MoteStrain.dat,56.58
2056,8,LZ4,/colmajor/uint8/ucr/MoteStrain.dat,80.66
2059,8,Huffman,/colmajor/uint8/ucr/MoteStrain.dat,73.81
2058,8,Zlib -9,/colmajor/uint8/ucr/MoteStrain.dat,51.31
2480,8,Zstd -1,/colmajor/uint8/ucr/NonInvasiveFatalECG_Thorax1.dat,44.18
2481,8,Zstd -9,/colmajor/uint8/ucr/NonInvasiveFatalECG_Thorax1.dat,34.78
2482,8,Snappy,/colmajor/uint8/ucr/NonInvasiveFatalECG_Thorax1.dat,56.93
2483,8,LZ4,/colmajor/uint8/ucr/NonInvasiveFatalECG_Thorax1.dat,59.28
2484,8,Zlib -1,/colmajor/uint8/ucr/NonInvasiveFatalECG_Thorax1.dat,44.85
2485,8,Zlib -9,/colmajor/uint8/ucr/NonInvasiveFatalECG_Thorax1.dat,36.63
2486,8,Huffman,/colmajor/uint8/ucr/NonInvasiveFatalECG_Thorax1.dat,78.43
2556,8,Huffman,/colmajor/uint8/ucr/NonInvasiveFatalECG_Thorax2.dat,78.08
2555,8,Zlib -9,/colmajor/uint8/ucr/NonInvasiveFatalECG_Thorax2.dat,33.3
2554,8,Zlib -1,/colmajor/uint8/ucr/NonInvasiveFatalECG_Thorax2.dat,42.09
2553,8,LZ4,/colmajor/uint8/ucr/NonInvasiveFatalECG_Thorax2.dat,55.18
2552,8,Snappy,/colmajor/uint8/ucr/NonInvasiveFatalECG_Thorax2.dat,52.95
2551,8,Zstd -9,/colmajor/uint8/ucr/NonInvasiveFatalECG_Thorax2.dat,31.88
2550,8,Zstd -1,/colmajor/uint8/ucr/NonInvasiveFatalECG_Thorax2.dat,39.88
2513,8,Zlib -9,/colmajor/uint8/ucr/OSULeaf.dat,63.1
2508,8,Zstd -1,/colmajor/uint8/ucr/OSULeaf.dat,82.44
2509,8,Zstd -9,/colmajor/uint8/ucr/OSULeaf.dat,60.17
2510,8,Snappy,/colmajor/uint8/ucr/OSULeaf.dat,93.68
2511,8,LZ4,/colmajor/uint8/ucr/OSULeaf.dat,93.94
2514,8,Huffman,/colmajor/uint8/ucr/OSULeaf.dat,91.04
2512,8,Zlib -1,/colmajor/uint8/ucr/OSULeaf.dat,65.04
2253,8,Zlib -1,/colmajor/uint8/ucr/OliveOil.dat,27.19
2255,8,Huffman,/colmajor/uint8/ucr/OliveOil.dat,84.93
2254,8,Zlib -9,/colmajor/uint8/ucr/OliveOil.dat,18.8
2252,8,LZ4,/colmajor/uint8/ucr/OliveOil.dat,36.56
2251,8,Snappy,/colmajor/uint8/ucr/OliveOil.dat,34.0
2249,8,Zstd -1,/colmajor/uint8/ucr/OliveOil.dat,21.79
2250,8,Zstd -9,/colmajor/uint8/ucr/OliveOil.dat,18.12
2446,8,Zstd -9,/colmajor/uint8/ucr/PhalangesOutlinesCorrect.dat,67.78
2445,8,Zstd -1,/colmajor/uint8/ucr/PhalangesOutlinesCorrect.dat,77.61
2451,8,Huffman,/colmajor/uint8/ucr/PhalangesOutlinesCorrect.dat,89.76
2449,8,Zlib -1,/colmajor/uint8/ucr/PhalangesOutlinesCorrect.dat,67.41
2450,8,Zlib -9,/colmajor/uint8/ucr/PhalangesOutlinesCorrect.dat,68.97
2447,8,Snappy,/colmajor/uint8/ucr/PhalangesOutlinesCorrect.dat,86.01
2448,8,LZ4,/colmajor/uint8/ucr/PhalangesOutlinesCorrect.dat,84.94
2570,8,Huffman,/colmajor/uint8/ucr/Phoneme.dat,65.98
2569,8,Zlib -9,/colmajor/uint8/ucr/Phoneme.dat,53.97
2568,8,Zlib -1,/colmajor/uint8/ucr/Phoneme.dat,58.14
2564,8,Zstd -1,/colmajor/uint8/ucr/Phoneme.dat,57.97
2567,8,LZ4,/colmajor/uint8/ucr/Phoneme.dat,82.06
2566,8,Snappy,/colmajor/uint8/ucr/Phoneme.dat,79.81
2565,8,Zstd -9,/colmajor/uint8/ucr/Phoneme.dat,51.99
2082,8,Zstd -9,/colmajor/uint8/ucr/Plane.dat,82.24
2081,8,Zstd -1,/colmajor/uint8/ucr/Plane.dat,93.99
2084,8,LZ4,/colmajor/uint8/ucr/Plane.dat,94.64
2085,8,Zlib -1,/colmajor/uint8/ucr/Plane.dat,79.3
2086,8,Zlib -9,/colmajor/uint8/ucr/Plane.dat,80.29
2087,8,Huffman,/colmajor/uint8/ucr/Plane.dat,96.18
2083,8,Snappy,/colmajor/uint8/ucr/Plane.dat,100.02
2374,8,Huffman,/colmajor/uint8/ucr/ProximalPhalanxOutlineAgeGroup.dat,92.03
2372,8,Zlib -1,/colmajor/uint8/ucr/ProximalPhalanxOutlineAgeGroup.dat,71.02
2373,8,Zlib -9,/colmajor/uint8/ucr/ProximalPhalanxOutlineAgeGroup.dat,72.44
2371,8,LZ4,/colmajor/uint8/ucr/ProximalPhalanxOutlineAgeGroup.dat,83.32
2369,8,Zstd -9,/colmajor/uint8/ucr/ProximalPhalanxOutlineAgeGroup.dat,74.88
2368,8,Zstd -1,/colmajor/uint8/ucr/ProximalPhalanxOutlineAgeGroup.dat,81.05
2370,8,Snappy,/colmajor/uint8/ucr/ProximalPhalanxOutlineAgeGroup.dat,90.82
2078,8,Zlib -1,/colmajor/uint8/ucr/ProximalPhalanxOutlineCorrect.dat,68.6
2079,8,Zlib -9,/colmajor/uint8/ucr/ProximalPhalanxOutlineCorrect.dat,69.93
2080,8,Huffman,/colmajor/uint8/ucr/ProximalPhalanxOutlineCorrect.dat,91.57
2077,8,LZ4,/colmajor/uint8/ucr/ProximalPhalanxOutlineCorrect.dat,82.4
2074,8,Zstd -1,/colmajor/uint8/ucr/ProximalPhalanxOutlineCorrect.dat,78.3
2075,8,Zstd -9,/colmajor/uint8/ucr/ProximalPhalanxOutlineCorrect.dat,71.45
2076,8,Snappy,/colmajor/uint8/ucr/ProximalPhalanxOutlineCorrect.dat,86.65
2632,8,Zlib -9,/colmajor/uint8/ucr/ProximalPhalanxTW.dat,74.61
2633,8,Huffman,/colmajor/uint8/ucr/ProximalPhalanxTW.dat,92.1
2631,8,Zlib -1,/colmajor/uint8/ucr/ProximalPhalanxTW.dat,71.93
2630,8,LZ4,/colmajor/uint8/ucr/ProximalPhalanxTW.dat,84.43
2629,8,Snappy,/colmajor/uint8/ucr/ProximalPhalanxTW.dat,85.34
2628,8,Zstd -9,/colmajor/uint8/ucr/ProximalPhalanxTW.dat,75.7
2627,8,Zstd -1,/colmajor/uint8/ucr/ProximalPhalanxTW.dat,81.86
2238,8,LZ4,/colmajor/uint8/ucr/RefrigerationDevices.dat,38.72
2241,8,Huffman,/colmajor/uint8/ucr/RefrigerationDevices.dat,68.58
2240,8,Zlib -9,/colmajor/uint8/ucr/RefrigerationDevices.dat,21.29
2239,8,Zlib -1,/colmajor/uint8/ucr/RefrigerationDevices.dat,25.42
2237,8,Snappy,/colmajor/uint8/ucr/RefrigerationDevices.dat,36.18
2236,8,Zstd -9,/colmajor/uint8/ucr/RefrigerationDevices.dat,23.05
2235,8,Zstd -1,/colmajor/uint8/ucr/RefrigerationDevices.dat,27.72
2145,8,Zstd -9,/colmajor/uint8/ucr/ScreenType.dat,8.92
2146,8,Snappy,/colmajor/uint8/ucr/ScreenType.dat,17.62
2147,8,LZ4,/colmajor/uint8/ucr/ScreenType.dat,17.61
2148,8,Zlib -1,/colmajor/uint8/ucr/ScreenType.dat,11.14
2149,8,Zlib -9,/colmajor/uint8/ucr/ScreenType.dat,8.48
2150,8,Huffman,/colmajor/uint8/ucr/ScreenType.dat,51.82
2144,8,Zstd -1,/colmajor/uint8/ucr/ScreenType.dat,11.28
2618,8,Zlib -9,/colmajor/uint8/ucr/ShapeletSim.dat,98.18
2617,8,Zlib -1,/colmajor/uint8/ucr/ShapeletSim.dat,98.36
2616,8,LZ4,/colmajor/uint8/ucr/ShapeletSim.dat,100.24
2615,8,Snappy,/colmajor/uint8/ucr/ShapeletSim.dat,100.01
2614,8,Zstd -9,/colmajor/uint8/ucr/ShapeletSim.dat,100.01
2613,8,Zstd -1,/colmajor/uint8/ucr/ShapeletSim.dat,100.01
2619,8,Huffman,/colmajor/uint8/ucr/ShapeletSim.dat,100.01
2285,8,Zstd -9,/colmajor/uint8/ucr/ShapesAll.dat,51.64
2286,8,Snappy,/colmajor/uint8/ucr/ShapesAll.dat,84.7
2287,8,LZ4,/colmajor/uint8/ucr/ShapesAll.dat,84.51
2289,8,Zlib -9,/colmajor/uint8/ucr/ShapesAll.dat,55.05
2290,8,Huffman,/colmajor/uint8/ucr/ShapesAll.dat,92.66
2284,8,Zstd -1,/colmajor/uint8/ucr/ShapesAll.dat,79.23
2288,8,Zlib -1,/colmajor/uint8/ucr/ShapesAll.dat,59.46
2207,8,Zstd -1,/colmajor/uint8/ucr/SmallKitchenAppliances.dat,5.15
2208,8,Zstd -9,/colmajor/uint8/ucr/SmallKitchenAppliances.dat,4.15
2209,8,Snappy,/colmajor/uint8/ucr/SmallKitchenAppliances.dat,10.18
2210,8,LZ4,/colmajor/uint8/ucr/SmallKitchenAppliances.dat,8.38
2212,8,Zlib -9,/colmajor/uint8/ucr/SmallKitchenAppliances.dat,4.06
2213,8,Huffman,/colmajor/uint8/ucr/SmallKitchenAppliances.dat,19.52
2211,8,Zlib -1,/colmajor/uint8/ucr/SmallKitchenAppliances.dat,5.88
2526,8,Zlib -1,/colmajor/uint8/ucr/SonyAIBORobotSurface.dat,78.42
2525,8,LZ4,/colmajor/uint8/ucr/SonyAIBORobotSurface.dat,95.56
2522,8,Zstd -1,/colmajor/uint8/ucr/SonyAIBORobotSurface.dat,86.98
2528,8,Huffman,/colmajor/uint8/ucr/SonyAIBORobotSurface.dat,88.25
2527,8,Zlib -9,/colmajor/uint8/ucr/SonyAIBORobotSurface.dat,78.17
2523,8,Zstd -9,/colmajor/uint8/ucr/SonyAIBORobotSurface.dat,79.87
2524,8,Snappy,/colmajor/uint8/ucr/SonyAIBORobotSurface.dat,99.99
2281,8,Zlib -1,/colmajor/uint8/ucr/SonyAIBORobotSurfaceII.dat,76.55
2279,8,Snappy,/colmajor/uint8/ucr/SonyAIBORobotSurfaceII.dat,94.09
2278,8,Zstd -9,/colmajor/uint8/ucr/SonyAIBORobotSurfaceII.dat,75.36
2277,8,Zstd -1,/colmajor/uint8/ucr/SonyAIBORobotSurfaceII.dat,81.1
2282,8,Zlib -9,/colmajor/uint8/ucr/SonyAIBORobotSurfaceII.dat,75.2
2280,8,LZ4,/colmajor/uint8/ucr/SonyAIBORobotSurfaceII.dat,96.15
2283,8,Huffman,/colmajor/uint8/ucr/SonyAIBORobotSurfaceII.dat,83.13
2142,8,Zlib -9,/colmajor/uint8/ucr/StarLightCurves.dat,21.43
2137,8,Zstd -1,/colmajor/uint8/ucr/StarLightCurves.dat,26.2
2139,8,Snappy,/colmajor/uint8/ucr/StarLightCurves.dat,42.22
2140,8,LZ4,/colmajor/uint8/ucr/StarLightCurves.dat,41.77
2141,8,Zlib -1,/colmajor/uint8/ucr/StarLightCurves.dat,34.16
2143,8,Huffman,/colmajor/uint8/ucr/StarLightCurves.dat,86.76
2138,8,Zstd -9,/colmajor/uint8/ucr/StarLightCurves.dat,20.39
2634,8,Zstd -1,/colmajor/uint8/ucr/Strawberry.dat,57.12
2635,8,Zstd -9,/colmajor/uint8/ucr/Strawberry.dat,43.58
2636,8,Snappy,/colmajor/uint8/ucr/Strawberry.dat,70.1
2640,8,Huffman,/colmajor/uint8/ucr/Strawberry.dat,86.19
2639,8,Zlib -9,/colmajor/uint8/ucr/Strawberry.dat,48.93
2638,8,Zlib -1,/colmajor/uint8/ucr/Strawberry.dat,54.78
2637,8,LZ4,/colmajor/uint8/ucr/Strawberry.dat,72.17
2169,8,Zlib -1,/colmajor/uint8/ucr/SwedishLeaf.dat,78.16
2168,8,LZ4,/colmajor/uint8/ucr/SwedishLeaf.dat,99.28
2167,8,Snappy,/colmajor/uint8/ucr/SwedishLeaf.dat,100.01
2166,8,Zstd -9,/colmajor/uint8/ucr/SwedishLeaf.dat,78.46
2165,8,Zstd -1,/colmajor/uint8/ucr/SwedishLeaf.dat,91.55
2171,8,Huffman,/colmajor/uint8/ucr/SwedishLeaf.dat,91.54
2170,8,Zlib -9,/colmajor/uint8/ucr/SwedishLeaf.dat,81.03
2275,8,Zlib -9,/colmajor/uint8/ucr/Symbols.dat,43.75
2270,8,Zstd -1,/colmajor/uint8/ucr/Symbols.dat,59.35
2271,8,Zstd -9,/colmajor/uint8/ucr/Symbols.dat,40.59
2276,8,Huffman,/colmajor/uint8/ucr/Symbols.dat,94.49
2274,8,Zlib -1,/colmajor/uint8/ucr/Symbols.dat,51.47
2273,8,LZ4,/colmajor/uint8/ucr/Symbols.dat,67.7
2272,8,Snappy,/colmajor/uint8/ucr/Symbols.dat,67.76
2101,8,Huffman,/colmajor/uint8/ucr/ToeSegmentation1.dat,80.25
2099,8,Zlib -1,/colmajor/uint8/ucr/ToeSegmentation1.dat,66.15
2098,8,LZ4,/colmajor/uint8/ucr/ToeSegmentation1.dat,92.05
2100,8,Zlib -9,/colmajor/uint8/ucr/ToeSegmentation1.dat,65.53
2096,8,Zstd -9,/colmajor/uint8/ucr/ToeSegmentation1.dat,64.7
2095,8,Zstd -1,/colmajor/uint8/ucr/ToeSegmentation1.dat,74.57
2097,8,Snappy,/colmajor/uint8/ucr/ToeSegmentation1.dat,91.33
2129,8,Huffman,/colmajor/uint8/ucr/ToeSegmentation2.dat,83.78
2128,8,Zlib -9,/colmajor/uint8/ucr/ToeSegmentation2.dat,65.11
2125,8,Snappy,/colmajor/uint8/ucr/ToeSegmentation2.dat,93.45
2124,8,Zstd -9,/colmajor/uint8/ucr/ToeSegmentation2.dat,65.83
2123,8,Zstd -1,/colmajor/uint8/ucr/ToeSegmentation2.dat,77.73
2127,8,Zlib -1,/colmajor/uint8/ucr/ToeSegmentation2.dat,66.42
2126,8,LZ4,/colmajor/uint8/ucr/ToeSegmentation2.dat,85.46
2434,8,LZ4,/colmajor/uint8/ucr/Trace.dat,82.99
2431,8,Zstd -1,/colmajor/uint8/ucr/Trace.dat,74.01
2432,8,Zstd -9,/colmajor/uint8/ucr/Trace.dat,60.71
2433,8,Snappy,/colmajor/uint8/ucr/Trace.dat,85.71
2437,8,Huffman,/colmajor/uint8/ucr/Trace.dat,76.46
2436,8,Zlib -9,/colmajor/uint8/ucr/Trace.dat,60.3
2435,8,Zlib -1,/colmajor/uint8/ucr/Trace.dat,61.94
2245,8,LZ4,/colmajor/uint8/ucr/TwoLeadECG.dat,98.55
2248,8,Huffman,/colmajor/uint8/ucr/TwoLeadECG.dat,88.39
2247,8,Zlib -9,/colmajor/uint8/ucr/TwoLeadECG.dat,73.8
2246,8,Zlib -1,/colmajor/uint8/ucr/TwoLeadECG.dat,73.28
2244,8,Snappy,/colmajor/uint8/ucr/TwoLeadECG.dat,100.01
2242,8,Zstd -1,/colmajor/uint8/ucr/TwoLeadECG.dat,87.39
2243,8,Zstd -9,/colmajor/uint8/ucr/TwoLeadECG.dat,73.25
2304,8,Huffman,/colmajor/uint8/ucr/Two_Patterns.dat,89.87
2303,8,Zlib -9,/colmajor/uint8/ucr/Two_Patterns.dat,59.29
2302,8,Zlib -1,/colmajor/uint8/ucr/Two_Patterns.dat,62.91
2301,8,LZ4,/colmajor/uint8/ucr/Two_Patterns.dat,78.9
2300,8,Snappy,/colmajor/uint8/ucr/Two_Patterns.dat,77.97
2299,8,Zstd -9,/colmajor/uint8/ucr/Two_Patterns.dat,59.39
2298,8,Zstd -1,/colmajor/uint8/ucr/Two_Patterns.dat,61.78
2393,8,Zlib -1,/colmajor/uint8/ucr/UWaveGestureLibraryAll.dat,40.48
2394,8,Zlib -9,/colmajor/uint8/ucr/UWaveGestureLibraryAll.dat,33.27
2392,8,LZ4,/colmajor/uint8/ucr/UWaveGestureLibraryAll.dat,54.3
2391,8,Snappy,/colmajor/uint8/ucr/UWaveGestureLibraryAll.dat,53.32
2390,8,Zstd -9,/colmajor/uint8/ucr/UWaveGestureLibraryAll.dat,31.49
2389,8,Zstd -1,/colmajor/uint8/ucr/UWaveGestureLibraryAll.dat,40.91
2395,8,Huffman,/colmajor/uint8/ucr/UWaveGestureLibraryAll.dat,77.99
2200,8,Zstd -1,/colmajor/uint8/ucr/Wine.dat,23.55
2206,8,Huffman,/colmajor/uint8/ucr/Wine.dat,84.46
2205,8,Zlib -9,/colmajor/uint8/ucr/Wine.dat,21.74
2204,8,Zlib -1,/colmajor/uint8/ucr/Wine.dat,29.5
2203,8,LZ4,/colmajor/uint8/ucr/Wine.dat,38.42
2202,8,Snappy,/colmajor/uint8/ucr/Wine.dat,36.97
2201,8,Zstd -9,/colmajor/uint8/ucr/Wine.dat,20.45
2106,8,Zlib -1,/colmajor/uint8/ucr/WordsSynonyms.dat,54.74
2107,8,Zlib -9,/colmajor/uint8/ucr/WordsSynonyms.dat,48.08
2105,8,LZ4,/colmajor/uint8/ucr/WordsSynonyms.dat,72.44
2108,8,Huffman,/colmajor/uint8/ucr/WordsSynonyms.dat,84.1
2102,8,Zstd -1,/colmajor/uint8/ucr/WordsSynonyms.dat,57.54
2104,8,Snappy,/colmajor/uint8/ucr/WordsSynonyms.dat,69.06
2103,8,Zstd -9,/colmajor/uint8/ucr/WordsSynonyms.dat,45.27
2068,8,Zstd -9,/colmajor/uint8/ucr/Worms.dat,48.99
2067,8,Zstd -1,/colmajor/uint8/ucr/Worms.dat,66.09
2073,8,Huffman,/colmajor/uint8/ucr/Worms.dat,85.32
2072,8,Zlib -9,/colmajor/uint8/ucr/Worms.dat,57.62
2071,8,Zlib -1,/colmajor/uint8/ucr/Worms.dat,60.92
2070,8,LZ4,/colmajor/uint8/ucr/Worms.dat,86.01
2069,8,Snappy,/colmajor/uint8/ucr/Worms.dat,84.16
2530,8,Zstd -9,/colmajor/uint8/ucr/WormsTwoClass.dat,48.99
2531,8,Snappy,/colmajor/uint8/ucr/WormsTwoClass.dat,84.16
2532,8,LZ4,/colmajor/uint8/ucr/WormsTwoClass.dat,86.01
2529,8,Zstd -1,/colmajor/uint8/ucr/WormsTwoClass.dat,66.09
2535,8,Huffman,/colmajor/uint8/ucr/WormsTwoClass.dat,85.32
2534,8,Zlib -9,/colmajor/uint8/ucr/WormsTwoClass.dat,57.62
2533,8,Zlib -1,/colmajor/uint8/ucr/WormsTwoClass.dat,60.92
2269,8,Huffman,/colmajor/uint8/ucr/synthetic_control.dat,100.02
2267,8,Zlib -1,/colmajor/uint8/ucr/synthetic_control.dat,95.18
2264,8,Zstd -9,/colmajor/uint8/ucr/synthetic_control.dat,100.03
2266,8,LZ4,/colmajor/uint8/ucr/synthetic_control.dat,100.39
2265,8,Snappy,/colmajor/uint8/ucr/synthetic_control.dat,100.02
2268,8,Zlib -9,/colmajor/uint8/ucr/synthetic_control.dat,95.13
2263,8,Zstd -1,/colmajor/uint8/ucr/synthetic_control.dat,100.03
2499,8,Zlib -9,/colmajor/uint8/ucr/uWaveGestureLibrary_X.dat,33.56
2498,8,Zlib -1,/colmajor/uint8/ucr/uWaveGestureLibrary_X.dat,40.77
2497,8,LZ4,/colmajor/uint8/ucr/uWaveGestureLibrary_X.dat,54.89
2496,8,Snappy,/colmajor/uint8/ucr/uWaveGestureLibrary_X.dat,53.34
2500,8,Huffman,/colmajor/uint8/ucr/uWaveGestureLibrary_X.dat,80.38
2494,8,Zstd -1,/colmajor/uint8/ucr/uWaveGestureLibrary_X.dat,41.8
2495,8,Zstd -9,/colmajor/uint8/ucr/uWaveGestureLibrary_X.dat,31.79
2474,8,Zstd -9,/colmajor/uint8/ucr/uWaveGestureLibrary_Y.dat,31.3
2477,8,Zlib -1,/colmajor/uint8/ucr/uWaveGestureLibrary_Y.dat,39.9
2478,8,Zlib -9,/colmajor/uint8/ucr/uWaveGestureLibrary_Y.dat,32.97
2479,8,Huffman,/colmajor/uint8/ucr/uWaveGestureLibrary_Y.dat,80.81
2473,8,Zstd -1,/colmajor/uint8/ucr/uWaveGestureLibrary_Y.dat,41.38
2475,8,Snappy,/colmajor/uint8/ucr/uWaveGestureLibrary_Y.dat,52.2
2476,8,LZ4,/colmajor/uint8/ucr/uWaveGestureLibrary_Y.dat,53.79
2549,8,Huffman,/colmajor/uint8/ucr/uWaveGestureLibrary_Z.dat,85.8
2548,8,Zlib -9,/colmajor/uint8/ucr/uWaveGestureLibrary_Z.dat,38.08
2547,8,Zlib -1,/colmajor/uint8/ucr/uWaveGestureLibrary_Z.dat,44.42
2546,8,LZ4,/colmajor/uint8/ucr/uWaveGestureLibrary_Z.dat,60.35
2545,8,Snappy,/colmajor/uint8/ucr/uWaveGestureLibrary_Z.dat,58.33
2544,8,Zstd -9,/colmajor/uint8/ucr/uWaveGestureLibrary_Z.dat,35.17
2543,8,Zstd -1,/colmajor/uint8/ucr/uWaveGestureLibrary_Z.dat,49.32
2065,8,Zlib -9,/colmajor/uint8/ucr/wafer.dat,18.28
2060,8,Zstd -1,/colmajor/uint8/ucr/wafer.dat,20.99
2061,8,Zstd -9,/colmajor/uint8/ucr/wafer.dat,17.04
2062,8,Snappy,/colmajor/uint8/ucr/wafer.dat,30.99
2063,8,LZ4,/colmajor/uint8/ucr/wafer.dat,31.43
2064,8,Zlib -1,/colmajor/uint8/ucr/wafer.dat,24.3
2066,8,Huffman,/colmajor/uint8/ucr/wafer.dat,67.11
2507,8,Huffman,/colmajor/uint8/ucr/yoga.dat,100.01
2505,8,Zlib -1,/colmajor/uint8/ucr/yoga.dat,57.22
2504,8,LZ4,/colmajor/uint8/ucr/yoga.dat,83.54
2503,8,Snappy,/colmajor/uint8/ucr/yoga.dat,82.35
2502,8,Zstd -9,/colmajor/uint8/ucr/yoga.dat,45.75
2501,8,Zstd -1,/colmajor/uint8/ucr/yoga.dat,80.22
2506,8,Zlib -9,/colmajor/uint8/ucr/yoga.dat,51.52
2970,8,SprintzDelta -1,/rowmajor/uint8/ucr/50words.dat,40.18
2971,8,SprintzXff -1,/rowmajor/uint8/ucr/50words.dat,36.34
2973,8,SprintzXff_Huf -1,/rowmajor/uint8/ucr/50words.dat,28.99
2972,8,SprintzDelta_Huf -1,/rowmajor/uint8/ucr/50words.dat,36.56
2877,8,SprintzXff_Huf -1,/rowmajor/uint8/ucr/Adiac.dat,33.58
2875,8,SprintzXff -1,/rowmajor/uint8/ucr/Adiac.dat,40.22
2876,8,SprintzDelta_Huf -1,/rowmajor/uint8/ucr/Adiac.dat,40.42
2874,8,SprintzDelta -1,/rowmajor/uint8/ucr/Adiac.dat,53.71
2832,8,SprintzDelta_Huf -1,/rowmajor/uint8/ucr/ArrowHead.dat,47.34
2831,8,SprintzXff -1,/rowmajor/uint8/ucr/ArrowHead.dat,48.41
2833,8,SprintzXff_Huf -1,/rowmajor/uint8/ucr/ArrowHead.dat,43.13
2830,8,SprintzDelta -1,/rowmajor/uint8/ucr/ArrowHead.dat,51.19
2729,8,SprintzXff_Huf -1,/rowmajor/uint8/ucr/Beef.dat,33.23
2728,8,SprintzDelta_Huf -1,/rowmajor/uint8/ucr/Beef.dat,34.25
2726,8,SprintzDelta -1,/rowmajor/uint8/ucr/Beef.dat,38.76
2727,8,SprintzXff -1,/rowmajor/uint8/ucr/Beef.dat,39.46
2852,8,SprintzDelta_Huf -1,/rowmajor/uint8/ucr/BeetleFly.dat,49.69
2853,8,SprintzXff_Huf -1,/rowmajor/uint8/ucr/BeetleFly.dat,44.59
2851,8,SprintzXff -1,/rowmajor/uint8/ucr/BeetleFly.dat,50.06
2850,8,SprintzDelta -1,/rowmajor/uint8/ucr/BeetleFly.dat,57.03
2805,8,SprintzXff_Huf -1,/rowmajor/uint8/ucr/BirdChicken.dat,38.54
2804,8,SprintzDelta_Huf -1,/rowmajor/uint8/ucr/BirdChicken.dat,40.81
2802,8,SprintzDelta -1,/rowmajor/uint8/ucr/BirdChicken.dat,44.44
2803,8,SprintzXff -1,/rowmajor/uint8/ucr/BirdChicken.dat,43.12
2809,8,SprintzXff_Huf -1,/rowmajor/uint8/ucr/CBF.dat,86.17
2808,8,SprintzDelta_Huf -1,/rowmajor/uint8/ucr/CBF.dat,87.62
2807,8,SprintzXff -1,/rowmajor/uint8/ucr/CBF.dat,92.46
2806,8,SprintzDelta -1,/rowmajor/uint8/ucr/CBF.dat,95.25
2836,8,SprintzDelta_Huf -1,/rowmajor/uint8/ucr/Car.dat,33.18
2837,8,SprintzXff_Huf -1,/rowmajor/uint8/ucr/Car.dat,30.67
2834,8,SprintzDelta -1,/rowmajor/uint8/ucr/Car.dat,39.47
2835,8,SprintzXff -1,/rowmajor/uint8/ucr/Car.dat,38.21
2790,8,SprintzDelta -1,/rowmajor/uint8/ucr/ChlorineConcentration.dat,67.18
2791,8,SprintzXff -1,/rowmajor/uint8/ucr/ChlorineConcentration.dat,67.45
2792,8,SprintzDelta_Huf -1,/rowmajor/uint8/ucr/ChlorineConcentration.dat,61.89
2793,8,SprintzXff_Huf -1,/rowmajor/uint8/ucr/ChlorineConcentration.dat,61.71
2820,8,SprintzDelta_Huf -1,/rowmajor/uint8/ucr/CinC_ECG_torso.dat,15.61
2821,8,SprintzXff_Huf -1,/rowmajor/uint8/ucr/CinC_ECG_torso.dat,15.94
2819,8,SprintzXff -1,/rowmajor/uint8/ucr/CinC_ECG_torso.dat,23.31
2818,8,SprintzDelta -1,/rowmajor/uint8/ucr/CinC_ECG_torso.dat,22.82
2684,8,SprintzDelta_Huf -1,/rowmajor/uint8/ucr/Coffee.dat,53.5
2683,8,SprintzXff -1,/rowmajor/uint8/ucr/Coffee.dat,52.72
2682,8,SprintzDelta -1,/rowmajor/uint8/ucr/Coffee.dat,56.46
2685,8,SprintzXff_Huf -1,/rowmajor/uint8/ucr/Coffee.dat,48.19
2861,8,SprintzXff_Huf -1,/rowmajor/uint8/ucr/Computers.dat,22.79
2860,8,SprintzDelta_Huf -1,/rowmajor/uint8/ucr/Computers.dat,21.4
2858,8,SprintzDelta -1,/rowmajor/uint8/ucr/Computers.dat,29.22
2859,8,SprintzXff -1,/rowmajor/uint8/ucr/Computers.dat,28.94
2958,8,SprintzDelta -1,/rowmajor/uint8/ucr/Cricket_X.dat,50.86
2959,8,SprintzXff -1,/rowmajor/uint8/ucr/Cricket_X.dat,51.71
2961,8,SprintzXff_Huf -1,/rowmajor/uint8/ucr/Cricket_X.dat,47.05
2960,8,SprintzDelta_Huf -1,/rowmajor/uint8/ucr/Cricket_X.dat,46.41
2946,8,SprintzDelta -1,/rowmajor/uint8/ucr/Cricket_Y.dat,50.87
2947,8,SprintzXff -1,/rowmajor/uint8/ucr/Cricket_Y.dat,51.5
2948,8,SprintzDelta_Huf -1,/rowmajor/uint8/ucr/Cricket_Y.dat,46.24
2949,8,SprintzXff_Huf -1,/rowmajor/uint8/ucr/Cricket_Y.dat,46.71
2965,8,SprintzXff_Huf -1,/rowmajor/uint8/ucr/Cricket_Z.dat,47.08
2964,8,SprintzDelta_Huf -1,/rowmajor/uint8/ucr/Cricket_Z.dat,46.52
2963,8,SprintzXff -1,/rowmajor/uint8/ucr/Cricket_Z.dat,51.7
2962,8,SprintzDelta -1,/rowmajor/uint8/ucr/Cricket_Z.dat,50.95
2641,8,Memcpy,/rowmajor/uint8/ucr/DiatomSizeReduction.dat,100.0
2642,8,SprintzDelta -1,/rowmajor/uint8/ucr/DiatomSizeReduction.dat,42.81
2644,8,SprintzDelta_Huf -1,/rowmajor/uint8/ucr/DiatomSizeReduction.dat,35.34
2643,8,SprintzXff -1,/rowmajor/uint8/ucr/DiatomSizeReduction.dat,38.88
2645,8,SprintzXff_Huf -1,/rowmajor/uint8/ucr/DiatomSizeReduction.dat,31.3
2810,8,SprintzDelta -1,/rowmajor/uint8/ucr/DistalPhalanxOutlineAgeGroup.dat,70.25
2811,8,SprintzXff -1,/rowmajor/uint8/ucr/DistalPhalanxOutlineAgeGroup.dat,65.24
2812,8,SprintzDelta_Huf -1,/rowmajor/uint8/ucr/DistalPhalanxOutlineAgeGroup.dat,67.43
2813,8,SprintzXff_Huf -1,/rowmajor/uint8/ucr/DistalPhalanxOutlineAgeGroup.dat,59.52
2669,8,SprintzXff_Huf -1,/rowmajor/uint8/ucr/DistalPhalanxOutlineCorrect.dat,58.86
2668,8,SprintzDelta_Huf -1,/rowmajor/uint8/ucr/DistalPhalanxOutlineCorrect.dat,65.62
2666,8,SprintzDelta -1,/rowmajor/uint8/ucr/DistalPhalanxOutlineCorrect.dat,68.39
2667,8,SprintzXff -1,/rowmajor/uint8/ucr/DistalPhalanxOutlineCorrect.dat,64.26
2817,8,SprintzXff_Huf -1,/rowmajor/uint8/ucr/DistalPhalanxTW.dat,59.4
2816,8,SprintzDelta_Huf -1,/rowmajor/uint8/ucr/DistalPhalanxTW.dat,67.16
2815,8,SprintzXff -1,/rowmajor/uint8/ucr/DistalPhalanxTW.dat,64.93
2814,8,SprintzDelta -1,/rowmajor/uint8/ucr/DistalPhalanxTW.dat,69.97
2762,8,SprintzDelta -1,/rowmajor/uint8/ucr/ECG200.dat,71.64
2763,8,SprintzXff -1,/rowmajor/uint8/ucr/ECG200.dat,71.57
2764,8,SprintzDelta_Huf -1,/rowmajor/uint8/ucr/ECG200.dat,68.93
2765,8,SprintzXff_Huf -1,/rowmajor/uint8/ucr/ECG200.dat,68.64
2822,8,SprintzDelta -1,/rowmajor/uint8/ucr/ECG5000.dat,50.54
2824,8,SprintzDelta_Huf -1,/rowmajor/uint8/ucr/ECG5000.dat,46.11
2825,8,SprintzXff_Huf -1,/rowmajor/uint8/ucr/ECG5000.dat,46.49
2823,8,SprintzXff -1,/rowmajor/uint8/ucr/ECG5000.dat,52.04
2895,8,SprintzXff -1,/rowmajor/uint8/ucr/ECGFiveDays.dat,49.91
2897,8,SprintzXff_Huf -1,/rowmajor/uint8/ucr/ECGFiveDays.dat,42.5
2896,8,SprintzDelta_Huf -1,/rowmajor/uint8/ucr/ECGFiveDays.dat,41.82
2894,8,SprintzDelta -1,/rowmajor/uint8/ucr/ECGFiveDays.dat,47.67
2884,8,SprintzDelta_Huf -1,/rowmajor/uint8/ucr/Earthquakes.dat,44.99
2883,8,SprintzXff -1,/rowmajor/uint8/ucr/Earthquakes.dat,85.47
2882,8,SprintzDelta -1,/rowmajor/uint8/ucr/Earthquakes.dat,83.14
2885,8,SprintzXff_Huf -1,/rowmajor/uint8/ucr/Earthquakes.dat,55.46
2681,8,SprintzXff_Huf -1,/rowmajor/uint8/ucr/ElectricDevices.dat,40.33
2680,8,SprintzDelta_Huf -1,/rowmajor/uint8/ucr/ElectricDevices.dat,39.78
2679,8,SprintzXff -1,/rowmajor/uint8/ucr/ElectricDevices.dat,50.33
2678,8,SprintzDelta -1,/rowmajor/uint8/ucr/ElectricDevices.dat,52.2
2922,8,SprintzDelta -1,/rowmajor/uint8/ucr/FISH.dat,25.44
2923,8,SprintzXff -1,/rowmajor/uint8/ucr/FISH.dat,26.43
2924,8,SprintzDelta_Huf -1,/rowmajor/uint8/ucr/FISH.dat,16.47
2925,8,SprintzXff_Huf -1,/rowmajor/uint8/ucr/FISH.dat,18.39
2738,8,SprintzDelta -1,/rowmajor/uint8/ucr/FaceAll.dat,70.14
2739,8,SprintzXff -1,/rowmajor/uint8/ucr/FaceAll.dat,67.04
2741,8,SprintzXff_Huf -1,/rowmajor/uint8/ucr/FaceAll.dat,63.87
2740,8,SprintzDelta_Huf -1,/rowmajor/uint8/ucr/FaceAll.dat,67.84
2856,8,SprintzDelta_Huf -1,/rowmajor/uint8/ucr/FaceFour.dat,53.05
2855,8,SprintzXff -1,/rowmajor/uint8/ucr/FaceFour.dat,67.97
2857,8,SprintzXff_Huf -1,/rowmajor/uint8/ucr/FaceFour.dat,54.29
2854,8,SprintzDelta -1,/rowmajor/uint8/ucr/FaceFour.dat,68.0
2843,8,SprintzXff -1,/rowmajor/uint8/ucr/FacesUCR.dat,66.99
2845,8,SprintzXff_Huf -1,/rowmajor/uint8/ucr/FacesUCR.dat,63.93
2844,8,SprintzDelta_Huf -1,/rowmajor/uint8/ucr/FacesUCR.dat,67.84
2842,8,SprintzDelta -1,/rowmajor/uint8/ucr/FacesUCR.dat,70.33
2746,8,SprintzDelta -1,/rowmajor/uint8/ucr/FordA.dat,65.45
2748,8,SprintzDelta_Huf -1,/rowmajor/uint8/ucr/FordA.dat,63.1
2749,8,SprintzXff_Huf -1,/rowmajor/uint8/ucr/FordA.dat,47.11
2747,8,SprintzXff -1,/rowmajor/uint8/ucr/FordA.dat,51.4
2717,8,SprintzXff_Huf -1,/rowmajor/uint8/ucr/FordB.dat,47.34
2716,8,SprintzDelta_Huf -1,/rowmajor/uint8/ucr/FordB.dat,62.51
2715,8,SprintzXff -1,/rowmajor/uint8/ucr/FordB.dat,51.71
2714,8,SprintzDelta -1,/rowmajor/uint8/ucr/FordB.dat,64.88
2911,8,SprintzXff -1,/rowmajor/uint8/ucr/Gun_Point.dat,36.29
2913,8,SprintzXff_Huf -1,/rowmajor/uint8/ucr/Gun_Point.dat,28.78
2912,8,SprintzDelta_Huf -1,/rowmajor/uint8/ucr/Gun_Point.dat,34.1
2910,8,SprintzDelta -1,/rowmajor/uint8/ucr/Gun_Point.dat,39.27
2937,8,SprintzXff_Huf -1,/rowmajor/uint8/ucr/Ham.dat,36.24
2936,8,SprintzDelta_Huf -1,/rowmajor/uint8/ucr/Ham.dat,42.55
2934,8,SprintzDelta -1,/rowmajor/uint8/ucr/Ham.dat,46.83
2935,8,SprintzXff -1,/rowmajor/uint8/ucr/Ham.dat,42.51
2848,8,SprintzDelta_Huf -1,/rowmajor/uint8/ucr/HandOutlines.dat,14.12
2847,8,SprintzXff -1,/rowmajor/uint8/ucr/HandOutlines.dat,24.93
2846,8,SprintzDelta -1,/rowmajor/uint8/ucr/HandOutlines.dat,24.86
2849,8,SprintzXff_Huf -1,/rowmajor/uint8/ucr/HandOutlines.dat,15.16
2690,8,SprintzDelta -1,/rowmajor/uint8/ucr/Haptics.dat,25.56
2691,8,SprintzXff -1,/rowmajor/uint8/ucr/Haptics.dat,26.6
2693,8,SprintzXff_Huf -1,/rowmajor/uint8/ucr/Haptics.dat,17.18
2692,8,SprintzDelta_Huf -1,/rowmajor/uint8/ucr/Haptics.dat,16.14
2952,8,SprintzDelta_Huf -1,/rowmajor/uint8/ucr/Herring.dat,37.47
2951,8,SprintzXff -1,/rowmajor/uint8/ucr/Herring.dat,39.61
2953,8,SprintzXff_Huf -1,/rowmajor/uint8/ucr/Herring.dat,32.03
2950,8,SprintzDelta -1,/rowmajor/uint8/ucr/Herring.dat,43.23
2785,8,SprintzXff_Huf -1,/rowmajor/uint8/ucr/InlineSkate.dat,25.38
2783,8,SprintzXff -1,/rowmajor/uint8/ucr/InlineSkate.dat,32.89
2782,8,SprintzDelta -1,/rowmajor/uint8/ucr/InlineSkate.dat,30.93
2784,8,SprintzDelta_Huf -1,/rowmajor/uint8/ucr/InlineSkate.dat,23.45
2880,8,SprintzDelta_Huf -1,/rowmajor/uint8/ucr/InsectWingbeatSound.dat,37.9
2881,8,SprintzXff_Huf -1,/rowmajor/uint8/ucr/InsectWingbeatSound.dat,33.42
2878,8,SprintzDelta -1,/rowmajor/uint8/ucr/InsectWingbeatSound.dat,41.44
2879,8,SprintzXff -1,/rowmajor/uint8/ucr/InsectWingbeatSound.dat,39.33
2724,8,SprintzDelta_Huf -1,/rowmajor/uint8/ucr/ItalyPowerDemand.dat,85.15
2722,8,SprintzDelta -1,/rowmajor/uint8/ucr/ItalyPowerDemand.dat,92.12
2723,8,SprintzXff -1,/rowmajor/uint8/ucr/ItalyPowerDemand.dat,89.69
2725,8,SprintzXff_Huf -1,/rowmajor/uint8/ucr/ItalyPowerDemand.dat,82.23
2720,8,SprintzDelta_Huf -1,/rowmajor/uint8/ucr/LargeKitchenAppliances.dat,6.52
2721,8,SprintzXff_Huf -1,/rowmajor/uint8/ucr/LargeKitchenAppliances.dat,6.74
2719,8,SprintzXff -1,/rowmajor/uint8/ucr/LargeKitchenAppliances.dat,8.47
2718,8,SprintzDelta -1,/rowmajor/uint8/ucr/LargeKitchenAppliances.dat,8.35
2708,8,SprintzDelta_Huf -1,/rowmajor/uint8/ucr/Lighting2.dat,30.97
2709,8,SprintzXff_Huf -1,/rowmajor/uint8/ucr/Lighting2.dat,31.47
2706,8,SprintzDelta -1,/rowmajor/uint8/ucr/Lighting2.dat,35.24
2707,8,SprintzXff -1,/rowmajor/uint8/ucr/Lighting2.dat,36.26
2795,8,SprintzXff -1,/rowmajor/uint8/ucr/Lighting7.dat,44.05
2794,8,SprintzDelta -1,/rowmajor/uint8/ucr/Lighting7.dat,43.39
2797,8,SprintzXff_Huf -1,/rowmajor/uint8/ucr/Lighting7.dat,39.82
2796,8,SprintzDelta_Huf -1,/rowmajor/uint8/ucr/Lighting7.dat,39.64
2702,8,SprintzDelta -1,/rowmajor/uint8/ucr/MALLAT.dat,37.06
2704,8,SprintzDelta_Huf -1,/rowmajor/uint8/ucr/MALLAT.dat,32.64
2705,8,SprintzXff_Huf -1,/rowmajor/uint8/ucr/MALLAT.dat,28.37
2703,8,SprintzXff -1,/rowmajor/uint8/ucr/MALLAT.dat,36.45
2742,8,SprintzDelta -1,/rowmajor/uint8/ucr/Meat.dat,35.44
2743,8,SprintzXff -1,/rowmajor/uint8/ucr/Meat.dat,37.4
2744,8,SprintzDelta_Huf -1,/rowmajor/uint8/ucr/Meat.dat,30.83
2745,8,SprintzXff_Huf -1,/rowmajor/uint8/ucr/Meat.dat,29.2
2866,8,SprintzDelta -1,/rowmajor/uint8/ucr/MedicalImages.dat,43.86
2867,8,SprintzXff -1,/rowmajor/uint8/ucr/MedicalImages.dat,43.29
2869,8,SprintzXff_Huf -1,/rowmajor/uint8/ucr/MedicalImages.dat,37.54
2868,8,SprintzDelta_Huf -1,/rowmajor/uint8/ucr/MedicalImages.dat,40.64
2942,8,SprintzDelta -1,/rowmajor/uint8/ucr/MiddlePhalanxOutlineAgeGroup.dat,70.93
2943,8,SprintzXff -1,/rowmajor/uint8/ucr/MiddlePhalanxOutlineAgeGroup.dat,65.22
2944,8,SprintzDelta_Huf -1,/rowmajor/uint8/ucr/MiddlePhalanxOutlineAgeGroup.dat,67.33
2945,8,SprintzXff_Huf -1,/rowmajor/uint8/ucr/MiddlePhalanxOutlineAgeGroup.dat,58.98
2799,8,SprintzXff -1,/rowmajor/uint8/ucr/MiddlePhalanxOutlineCorrect.dat,64.58
2798,8,SprintzDelta -1,/rowmajor/uint8/ucr/MiddlePhalanxOutlineCorrect.dat,70.65
2800,8,SprintzDelta_Huf -1,/rowmajor/uint8/ucr/MiddlePhalanxOutlineCorrect.dat,66.98
2801,8,SprintzXff_Huf -1,/rowmajor/uint8/ucr/MiddlePhalanxOutlineCorrect.dat,58.51
2954,8,SprintzDelta -1,/rowmajor/uint8/ucr/MiddlePhalanxTW.dat,70.64
2956,8,SprintzDelta_Huf -1,/rowmajor/uint8/ucr/MiddlePhalanxTW.dat,67.17
2957,8,SprintzXff_Huf -1,/rowmajor/uint8/ucr/MiddlePhalanxTW.dat,58.88
2955,8,SprintzXff -1,/rowmajor/uint8/ucr/MiddlePhalanxTW.dat,64.9
2646,8,SprintzDelta -1,/rowmajor/uint8/ucr/MoteStrain.dat,49.99
2647,8,SprintzXff -1,/rowmajor/uint8/ucr/MoteStrain.dat,50.79
2649,8,SprintzXff_Huf -1,/rowmajor/uint8/ucr/MoteStrain.dat,44.79
2648,8,SprintzDelta_Huf -1,/rowmajor/uint8/ucr/MoteStrain.dat,44.33
2890,8,SprintzDelta -1,/rowmajor/uint8/ucr/NonInvasiveFatalECG_Thorax1.dat,32.76
2891,8,SprintzXff -1,/rowmajor/uint8/ucr/NonInvasiveFatalECG_Thorax1.dat,34.41
2892,8,SprintzDelta_Huf -1,/rowmajor/uint8/ucr/NonInvasiveFatalECG_Thorax1.dat,25.85
2893,8,SprintzXff_Huf -1,/rowmajor/uint8/ucr/NonInvasiveFatalECG_Thorax1.dat,25.5
2930,8,SprintzDelta -1,/rowmajor/uint8/ucr/NonInvasiveFatalECG_Thorax2.dat,31.39
2931,8,SprintzXff -1,/rowmajor/uint8/ucr/NonInvasiveFatalECG_Thorax2.dat,33.04
2932,8,SprintzDelta_Huf -1,/rowmajor/uint8/ucr/NonInvasiveFatalECG_Thorax2.dat,24.07
2933,8,SprintzXff_Huf -1,/rowmajor/uint8/ucr/NonInvasiveFatalECG_Thorax2.dat,23.69
2906,8,SprintzDelta -1,/rowmajor/uint8/ucr/OSULeaf.dat,49.37
2908,8,SprintzDelta_Huf -1,/rowmajor/uint8/ucr/OSULeaf.dat,44.39
2907,8,SprintzXff -1,/rowmajor/uint8/ucr/OSULeaf.dat,45.61
2909,8,SprintzXff_Huf -1,/rowmajor/uint8/ucr/OSULeaf.dat,39.38
2758,8,SprintzDelta -1,/rowmajor/uint8/ucr/OliveOil.dat,39.06
2759,8,SprintzXff -1,/rowmajor/uint8/ucr/OliveOil.dat,36.92
2761,8,SprintzXff_Huf -1,/rowmajor/uint8/ucr/OliveOil.dat,30.0
2760,8,SprintzDelta_Huf -1,/rowmajor/uint8/ucr/OliveOil.dat,34.3
2873,8,SprintzXff_Huf -1,/rowmajor/uint8/ucr/PhalangesOutlinesCorrect.dat,54.77
2870,8,SprintzDelta -1,/rowmajor/uint8/ucr/PhalangesOutlinesCorrect.dat,65.72
2871,8,SprintzXff -1,/rowmajor/uint8/ucr/PhalangesOutlinesCorrect.dat,60.89
2872,8,SprintzDelta_Huf -1,/rowmajor/uint8/ucr/PhalangesOutlinesCorrect.dat,62.99
2941,8,SprintzXff_Huf -1,/rowmajor/uint8/ucr/Phoneme.dat,45.02
2940,8,SprintzDelta_Huf -1,/rowmajor/uint8/ucr/Phoneme.dat,45.7
2939,8,SprintzXff -1,/rowmajor/uint8/ucr/Phoneme.dat,49.23
2938,8,SprintzDelta -1,/rowmajor/uint8/ucr/Phoneme.dat,49.06
2665,8,SprintzXff_Huf -1,/rowmajor/uint8/ucr/Plane.dat,53.34
2664,8,SprintzDelta_Huf -1,/rowmajor/uint8/ucr/Plane.dat,62.53
2663,8,SprintzXff -1,/rowmajor/uint8/ucr/Plane.dat,60.66
2662,8,SprintzDelta -1,/rowmajor/uint8/ucr/Plane.dat,67.74
2826,8,SprintzDelta -1,/rowmajor/uint8/ucr/ProximalPhalanxOutlineAgeGroup.dat,70.08
2827,8,SprintzXff -1,/rowmajor/uint8/ucr/ProximalPhalanxOutlineAgeGroup.dat,64.31
2828,8,SprintzDelta_Huf -1,/rowmajor/uint8/ucr/ProximalPhalanxOutlineAgeGroup.dat,66.25
2829,8,SprintzXff_Huf -1,/rowmajor/uint8/ucr/ProximalPhalanxOutlineAgeGroup.dat,57.54
2658,8,SprintzDelta -1,/rowmajor/uint8/ucr/ProximalPhalanxOutlineCorrect.dat,68.63
2659,8,SprintzXff -1,/rowmajor/uint8/ucr/ProximalPhalanxOutlineCorrect.dat,62.72
2661,8,SprintzXff_Huf -1,/rowmajor/uint8/ucr/ProximalPhalanxOutlineCorrect.dat,55.9
2660,8,SprintzDelta_Huf -1,/rowmajor/uint8/ucr/ProximalPhalanxOutlineCorrect.dat,64.43
2974,8,SprintzDelta -1,/rowmajor/uint8/ucr/ProximalPhalanxTW.dat,69.88
2976,8,SprintzDelta_Huf -1,/rowmajor/uint8/ucr/ProximalPhalanxTW.dat,66.09
2975,8,SprintzXff -1,/rowmajor/uint8/ucr/ProximalPhalanxTW.dat,64.08
2977,8,SprintzXff_Huf -1,/rowmajor/uint8/ucr/ProximalPhalanxTW.dat,57.45
2753,8,SprintzXff_Huf -1,/rowmajor/uint8/ucr/RefrigerationDevices.dat,43.26
2752,8,SprintzDelta_Huf -1,/rowmajor/uint8/ucr/RefrigerationDevices.dat,40.27
2751,8,SprintzXff -1,/rowmajor/uint8/ucr/RefrigerationDevices.dat,62.51
2750,8,SprintzDelta -1,/rowmajor/uint8/ucr/RefrigerationDevices.dat,62.16
2701,8,SprintzXff_Huf -1,/rowmajor/uint8/ucr/ScreenType.dat,18.45
2700,8,SprintzDelta_Huf -1,/rowmajor/uint8/ucr/ScreenType.dat,17.49
2698,8,SprintzDelta -1,/rowmajor/uint8/ucr/ScreenType.dat,24.28
2699,8,SprintzXff -1,/rowmajor/uint8/ucr/ScreenType.dat,24.15
2969,8,SprintzXff_Huf -1,/rowmajor/uint8/ucr/ShapeletSim.dat,103.56
2968,8,SprintzDelta_Huf -1,/rowmajor/uint8/ucr/ShapeletSim.dat,103.14
2967,8,SprintzXff -1,/rowmajor/uint8/ucr/ShapeletSim.dat,105.28
2966,8,SprintzDelta -1,/rowmajor/uint8/ucr/ShapeletSim.dat,105.03
2781,8,SprintzXff_Huf -1,/rowmajor/uint8/ucr/ShapesAll.dat,35.15
2780,8,SprintzDelta_Huf -1,/rowmajor/uint8/ucr/ShapesAll.dat,37.37
2779,8,SprintzXff -1,/rowmajor/uint8/ucr/ShapesAll.dat,40.54
2778,8,SprintzDelta -1,/rowmajor/uint8/ucr/ShapesAll.dat,41.4
2734,8,SprintzDelta -1,/rowmajor/uint8/ucr/SmallKitchenAppliances.dat,11.31
2735,8,SprintzXff -1,/rowmajor/uint8/ucr/SmallKitchenAppliances.dat,11.54
2736,8,SprintzDelta_Huf -1,/rowmajor/uint8/ucr/SmallKitchenAppliances.dat,7.2
2737,8,SprintzXff_Huf -1,/rowmajor/uint8/ucr/SmallKitchenAppliances.dat,7.66
2915,8,SprintzXff -1,/rowmajor/uint8/ucr/SonyAIBORobotSurface.dat,84.2
2916,8,SprintzDelta_Huf -1,/rowmajor/uint8/ucr/SonyAIBORobotSurface.dat,76.15
2917,8,SprintzXff_Huf -1,/rowmajor/uint8/ucr/SonyAIBORobotSurface.dat,78.84
2914,8,SprintzDelta -1,/rowmajor/uint8/ucr/SonyAIBORobotSurface.dat,86.02
2777,8,SprintzXff_Huf -1,/rowmajor/uint8/ucr/SonyAIBORobotSurfaceII.dat,81.68
2775,8,SprintzXff -1,/rowmajor/uint8/ucr/SonyAIBORobotSurfaceII.dat,88.16
2776,8,SprintzDelta_Huf -1,/rowmajor/uint8/ucr/SonyAIBORobotSurfaceII.dat,78.84
2774,8,SprintzDelta -1,/rowmajor/uint8/ucr/SonyAIBORobotSurfaceII.dat,88.73
2697,8,SprintzXff_Huf -1,/rowmajor/uint8/ucr/StarLightCurves.dat,15.49
2696,8,SprintzDelta_Huf -1,/rowmajor/uint8/ucr/StarLightCurves.dat,15.11
2695,8,SprintzXff -1,/rowmajor/uint8/ucr/StarLightCurves.dat,25.64
2694,8,SprintzDelta -1,/rowmajor/uint8/ucr/StarLightCurves.dat,24.65
2980,8,SprintzDelta_Huf -1,/rowmajor/uint8/ucr/Strawberry.dat,40.66
2979,8,SprintzXff -1,/rowmajor/uint8/ucr/Strawberry.dat,41.92
2981,8,SprintzXff_Huf -1,/rowmajor/uint8/ucr/Strawberry.dat,35.48
2978,8,SprintzDelta -1,/rowmajor/uint8/ucr/Strawberry.dat,44.84
2711,8,SprintzXff -1,/rowmajor/uint8/ucr/SwedishLeaf.dat,59.1
2713,8,SprintzXff_Huf -1,/rowmajor/uint8/ucr/SwedishLeaf.dat,54.57
2710,8,SprintzDelta -1,/rowmajor/uint8/ucr/SwedishLeaf.dat,62.23
2712,8,SprintzDelta_Huf -1,/rowmajor/uint8/ucr/SwedishLeaf.dat,59.7
2770,8,SprintzDelta -1,/rowmajor/uint8/ucr/Symbols.dat,37.64
2772,8,SprintzDelta_Huf -1,/rowmajor/uint8/ucr/Symbols.dat,31.51
2771,8,SprintzXff -1,/rowmajor/uint8/ucr/Symbols.dat,36.72
2773,8,SprintzXff_Huf -1,/rowmajor/uint8/ucr/Symbols.dat,28.07
2672,8,SprintzDelta_Huf -1,/rowmajor/uint8/ucr/ToeSegmentation1.dat,51.43
2671,8,SprintzXff -1,/rowmajor/uint8/ucr/ToeSegmentation1.dat,55.01
2670,8,SprintzDelta -1,/rowmajor/uint8/ucr/ToeSegmentation1.dat,55.03
2673,8,SprintzXff_Huf -1,/rowmajor/uint8/ucr/ToeSegmentation1.dat,50.2
2686,8,SprintzDelta -1,/rowmajor/uint8/ucr/ToeSegmentation2.dat,49.72
2687,8,SprintzXff -1,/rowmajor/uint8/ucr/ToeSegmentation2.dat,48.91
2688,8,SprintzDelta_Huf -1,/rowmajor/uint8/ucr/ToeSegmentation2.dat,46.23
2689,8,SprintzXff_Huf -1,/rowmajor/uint8/ucr/ToeSegmentation2.dat,43.58
2862,8,SprintzDelta -1,/rowmajor/uint8/ucr/Trace.dat,49.32
2864,8,SprintzDelta_Huf -1,/rowmajor/uint8/ucr/Trace.dat,44.16
2863,8,SprintzXff -1,/rowmajor/uint8/ucr/Trace.dat,50.61
2865,8,SprintzXff_Huf -1,/rowmajor/uint8/ucr/Trace.dat,44.3
2757,8,SprintzXff_Huf -1,/rowmajor/uint8/ucr/TwoLeadECG.dat,55.06
2756,8,SprintzDelta_Huf -1,/rowmajor/uint8/ucr/TwoLeadECG.dat,59.12
2754,8,SprintzDelta -1,/rowmajor/uint8/ucr/TwoLeadECG.dat,63.36
2755,8,SprintzXff -1,/rowmajor/uint8/ucr/TwoLeadECG.dat,60.21
2788,8,SprintzDelta_Huf -1,/rowmajor/uint8/ucr/Two_Patterns.dat,73.53
2787,8,SprintzXff -1,/rowmajor/uint8/ucr/Two_Patterns.dat,94.08
2786,8,SprintzDelta -1,/rowmajor/uint8/ucr/Two_Patterns.dat,92.9
2789,8,SprintzXff_Huf -1,/rowmajor/uint8/ucr/Two_Patterns.dat,75.21
2839,8,SprintzXff -1,/rowmajor/uint8/ucr/UWaveGestureLibraryAll.dat,32.96
2838,8,SprintzDelta -1,/rowmajor/uint8/ucr/UWaveGestureLibraryAll.dat,32.05
2840,8,SprintzDelta_Huf -1,/rowmajor/uint8/ucr/UWaveGestureLibraryAll.dat,26.75
2841,8,SprintzXff_Huf -1,/rowmajor/uint8/ucr/UWaveGestureLibraryAll.dat,26.69
2733,8,SprintzXff_Huf -1,/rowmajor/uint8/ucr/Wine.dat,38.23
2732,8,SprintzDelta_Huf -1,/rowmajor/uint8/ucr/Wine.dat,46.69
2731,8,SprintzXff -1,/rowmajor/uint8/ucr/Wine.dat,45.94
2730,8,SprintzDelta -1,/rowmajor/uint8/ucr/Wine.dat,49.7
2677,8,SprintzXff_Huf -1,/rowmajor/uint8/ucr/WordsSynonyms.dat,29.9
2676,8,SprintzDelta_Huf -1,/rowmajor/uint8/ucr/WordsSynonyms.dat,37.48
2675,8,SprintzXff -1,/rowmajor/uint8/ucr/WordsSynonyms.dat,37.47
2674,8,SprintzDelta -1,/rowmajor/uint8/ucr/WordsSynonyms.dat,42.16
2654,8,SprintzDelta -1,/rowmajor/uint8/ucr/Worms.dat,43.55
2655,8,SprintzXff -1,/rowmajor/uint8/ucr/Worms.dat,44.23
2656,8,SprintzDelta_Huf -1,/rowmajor/uint8/ucr/Worms.dat,39.28
2657,8,SprintzXff_Huf -1,/rowmajor/uint8/ucr/Worms.dat,39.1
2918,8,SprintzDelta -1,/rowmajor/uint8/ucr/WormsTwoClass.dat,43.55
2919,8,SprintzXff -1,/rowmajor/uint8/ucr/WormsTwoClass.dat,44.23
2920,8,SprintzDelta_Huf -1,/rowmajor/uint8/ucr/WormsTwoClass.dat,39.28
2921,8,SprintzXff_Huf -1,/rowmajor/uint8/ucr/WormsTwoClass.dat,39.1
2766,8,SprintzDelta -1,/rowmajor/uint8/ucr/synthetic_control.dat,104.64
2767,8,SprintzXff -1,/rowmajor/uint8/ucr/synthetic_control.dat,104.43
2768,8,SprintzDelta_Huf -1,/rowmajor/uint8/ucr/synthetic_control.dat,96.47
2769,8,SprintzXff_Huf -1,/rowmajor/uint8/ucr/synthetic_control.dat,95.68
2901,8,SprintzXff_Huf -1,/rowmajor/uint8/ucr/uWaveGestureLibrary_X.dat,23.66
2900,8,SprintzDelta_Huf -1,/rowmajor/uint8/ucr/uWaveGestureLibrary_X.dat,25.12
2899,8,SprintzXff -1,/rowmajor/uint8/ucr/uWaveGestureLibrary_X.dat,30.94
2898,8,SprintzDelta -1,/rowmajor/uint8/ucr/uWaveGestureLibrary_X.dat,30.13
2889,8,SprintzXff_Huf -1,/rowmajor/uint8/ucr/uWaveGestureLibrary_Y.dat,23.34
2888,8,SprintzDelta_Huf -1,/rowmajor/uint8/ucr/uWaveGestureLibrary_Y.dat,24.33
2887,8,SprintzXff -1,/rowmajor/uint8/ucr/uWaveGestureLibrary_Y.dat,30.44
2886,8,SprintzDelta -1,/rowmajor/uint8/ucr/uWaveGestureLibrary_Y.dat,29.4
2929,8,SprintzXff_Huf -1,/rowmajor/uint8/ucr/uWaveGestureLibrary_Z.dat,25.31
2928,8,SprintzDelta_Huf -1,/rowmajor/uint8/ucr/uWaveGestureLibrary_Z.dat,27.92
2926,8,SprintzDelta -1,/rowmajor/uint8/ucr/uWaveGestureLibrary_Z.dat,32.65
2927,8,SprintzXff -1,/rowmajor/uint8/ucr/uWaveGestureLibrary_Z.dat,32.66
2651,8,SprintzXff -1,/rowmajor/uint8/ucr/wafer.dat,34.25
2650,8,SprintzDelta -1,/rowmajor/uint8/ucr/wafer.dat,33.29
2652,8,SprintzDelta_Huf -1,/rowmajor/uint8/ucr/wafer.dat,20.85
2653,8,SprintzXff_Huf -1,/rowmajor/uint8/ucr/wafer.dat,21.75
2905,8,SprintzXff_Huf -1,/rowmajor/uint8/ucr/yoga.dat,33.08
2904,8,SprintzDelta_Huf -1,/rowmajor/uint8/ucr/yoga.dat,37.78
2903,8,SprintzXff -1,/rowmajor/uint8/ucr/yoga.dat,40.18
2902,8,SprintzDelta -1,/rowmajor/uint8/ucr/yoga.dat,43.03
