,Algorithm,Filename,Ratio,Order
1781,FastPFOR,50words,2.017349203147065,f
581,Huffman,50words,1.0406910188365075,f
578,LZ4,50words,0.9961151509114453,f
1780,SIMDBP128,50words,2.0300446609825418,f
1782,Simple8B,50words,1.9193857965451055,f
577,Snappy,50words,0.9999000099990001,f
925,SprintzDelta_16b -1,50words,1.4775413711583922,c
927,SprintzDelta_Huf_16b -1,50words,1.4775413711583922,c
926,SprintzXff_16b -1,50words,1.8162005085361423,c
928,SprintzXff_Huf_16b -1,50words,1.8112660749864156,c
579,Zlib -1,50words,1.051967178624027,f
580,Zlib -9,50words,1.0426441455531228,f
575,Zstd -1,50words,1.0406910188365075,f
576,Zstd -9,50words,1.0412328196584755,f
1709,FastPFOR,Adiac,1.9916351324437362,f
413,Huffman,Adiac,0.9999000099990001,f
410,LZ4,Adiac,0.9961151509114453,f
1708,SIMDBP128,Adiac,1.99203187250996,f
1710,Simple8B,Adiac,1.7433751743375174,f
409,Snappy,Adiac,0.9999000099990001,f
829,SprintzDelta_16b -1,Adiac,1.3022528975126968,c
831,SprintzDelta_Huf_16b -1,Adiac,1.3287270794578792,c
830,SprintzXff_16b -1,Adiac,1.595150741745095,c
832,SprintzXff_Huf_16b -1,Adiac,1.6162922256343948,c
411,Zlib -1,Adiac,1.015744032503809,f
412,Zlib -9,Adiac,1.0081661457808246,f
407,Zstd -1,Adiac,0.9999000099990001,f
408,Zstd -9,Adiac,0.9999000099990001,f
1676,FastPFOR,ArrowHead,1.9880715705765408,f
336,Huffman,ArrowHead,0.9999000099990001,f
333,LZ4,ArrowHead,0.9961151509114453,f
1675,SIMDBP128,ArrowHead,1.9896538002387585,f
1677,Simple8B,ArrowHead,1.699524133242692,f
332,Snappy,ArrowHead,0.9999000099990001,f
785,SprintzDelta_16b -1,ArrowHead,1.3273161667109106,c
787,SprintzDelta_Huf_16b -1,ArrowHead,1.3333333333333333,c
786,SprintzXff_16b -1,ArrowHead,1.3736263736263736,c
788,SprintzXff_Huf_16b -1,ArrowHead,1.3800717637317141,c
334,Zlib -1,ArrowHead,1.0200958890135672,f
335,Zlib -9,ArrowHead,1.0187449062754688,f
330,Zstd -1,ArrowHead,0.9999000099990001,f
331,Zstd -9,ArrowHead,0.9999000099990001,f
1598,FastPFOR,Beef,1.9924287706714485,f
154,Huffman,Beef,1.0357327809425168,f
151,LZ4,Beef,0.9961151509114453,f
1597,SIMDBP128,Beef,1.9932230416583614,f
1599,Simple8B,Beef,1.7406440382941688,f
150,Snappy,Beef,0.9999000099990001,f
681,SprintzDelta_16b -1,Beef,1.4949917775452235,c
683,SprintzDelta_Huf_16b -1,Beef,1.498576352465158,c
682,SprintzXff_16b -1,Beef,1.5835312747426762,c
684,SprintzXff_Huf_16b -1,Beef,1.5941335883947076,c
152,Zlib -1,Beef,1.0497585555322275,f
153,Zlib -9,Beef,1.0410160316468873,f
148,Zstd -1,Beef,1.0355182768975872,f
149,Zstd -9,Beef,1.0355182768975872,f
1691,FastPFOR,BeetleFly,1.98294665873488,f
371,Huffman,BeetleFly,0.9998000399920016,f
368,LZ4,BeetleFly,0.99601593625498,f
1690,SIMDBP128,BeetleFly,1.987281399046105,f
1692,Simple8B,BeetleFly,1.6983695652173911,f
367,Snappy,BeetleFly,0.9999000099990001,f
805,SprintzDelta_16b -1,BeetleFly,1.2761613067891782,c
807,SprintzDelta_Huf_16b -1,BeetleFly,1.2884937508053087,c
806,SprintzXff_16b -1,BeetleFly,1.3622122326658495,c
808,SprintzXff_Huf_16b -1,BeetleFly,1.3749484394335212,c
369,Zlib -1,BeetleFly,1.0040160642570282,f
370,Zlib -9,BeetleFly,1.0032102728731942,f
365,Zstd -1,BeetleFly,0.9998000399920016,f
366,Zstd -9,BeetleFly,0.9998000399920016,f
1655,FastPFOR,BirdChicken,1.9837333862328905,f
287,Huffman,BirdChicken,0.9998000399920016,f
284,LZ4,BirdChicken,0.99601593625498,f
1654,SIMDBP128,BirdChicken,1.987281399046105,f
1656,Simple8B,BirdChicken,1.6528925619834711,f
283,Snappy,BirdChicken,0.9999000099990001,f
757,SprintzDelta_16b -1,BirdChicken,1.3935340022296543,c
759,SprintzDelta_Huf_16b -1,BirdChicken,1.3999720005599887,c
758,SprintzXff_16b -1,BirdChicken,1.4405070584845865,c
760,SprintzXff_Huf_16b -1,BirdChicken,1.4503263234227701,c
285,Zlib -1,BirdChicken,1.0164667615368979,f
286,Zlib -9,BirdChicken,1.0158472165786265,f
281,Zstd -1,BirdChicken,0.9998000399920016,f
282,Zstd -9,BirdChicken,0.9998000399920016,f
1658,FastPFOR,CBF,1.9916351324437362,f
294,Huffman,CBF,1.0208248264597797,f
291,LZ4,CBF,0.9961151509114453,f
1657,SIMDBP128,CBF,1.9916351324437362,f
1659,Simple8B,CBF,1.6963528413910092,f
290,Snappy,CBF,0.9999000099990001,f
761,SprintzDelta_16b -1,CBF,1.0237510237510237,c
763,SprintzDelta_Huf_16b -1,CBF,1.038637307852098,c
762,SprintzXff_16b -1,CBF,1.0388531061707873,c
764,SprintzXff_Huf_16b -1,CBF,1.0500892575868948,c
292,Zlib -1,CBF,1.017915309446254,f
293,Zlib -9,CBF,1.0187449062754688,f
288,Zstd -1,CBF,1.0207206287639072,f
289,Zstd -9,CBF,1.0207206287639072,f
1679,FastPFOR,Car,1.9896538002387585,f
343,Huffman,Car,0.9999000099990001,f
340,LZ4,Car,0.9961151509114453,f
1678,SIMDBP128,Car,1.9956096587507484,f
1680,Simple8B,Car,1.6986580601324954,f
339,Snappy,Car,0.9999000099990001,f
789,SprintzDelta_16b -1,Car,1.4507471347744088,c
791,SprintzDelta_Huf_16b -1,Car,1.457938474996355,c
790,SprintzXff_16b -1,Car,1.706484641638225,c
792,SprintzXff_Huf_16b -1,Car,1.7953321364452424,c
341,Zlib -1,Car,1.0146103896103895,f
342,Zlib -9,Car,1.0045203415369162,f
337,Zstd -1,Car,0.9999000099990001,f
338,Zstd -9,Car,0.9999000099990001,f
1646,FastPFOR,ChlorineConcentration,1.9916351324437362,f
266,Huffman,ChlorineConcentration,1.1135857461024499,f
263,LZ4,ChlorineConcentration,1.002908434459934,f
1645,SIMDBP128,ChlorineConcentration,1.99203187250996,f
1647,Simple8B,ChlorineConcentration,1.6826518593303046,f
262,Snappy,ChlorineConcentration,1.0002000400080016,f
745,SprintzDelta_16b -1,ChlorineConcentration,1.2012012012012012,c
747,SprintzDelta_Huf_16b -1,ChlorineConcentration,1.2103606874848705,c
746,SprintzXff_16b -1,ChlorineConcentration,1.200912693647172,c
748,SprintzXff_Huf_16b -1,ChlorineConcentration,1.2097749818533754,c
264,Zlib -1,ChlorineConcentration,1.115822361080116,f
265,Zlib -9,ChlorineConcentration,1.120699316373417,f
260,Zstd -1,ChlorineConcentration,1.1185682326621924,f
261,Zstd -9,ChlorineConcentration,1.1234692731153801,f
1667,FastPFOR,CinC_ECG_torso,2.0366598778004072,f
315,Huffman,CinC_ECG_torso,1.1381743683132255,f
312,LZ4,CinC_ECG_torso,1.057194206575748,f
1666,SIMDBP128,CinC_ECG_torso,2.0475020475020473,f
1668,Simple8B,CinC_ECG_torso,1.8178512997636793,f
311,Snappy,CinC_ECG_torso,1.0072522159548751,f
773,SprintzDelta_16b -1,CinC_ECG_torso,1.9157088122605364,c
775,SprintzDelta_Huf_16b -1,CinC_ECG_torso,1.968503937007874,c
774,SprintzXff_16b -1,CinC_ECG_torso,1.9845207382417147,c
776,SprintzXff_Huf_16b -1,CinC_ECG_torso,2.0,c
313,Zlib -1,CinC_ECG_torso,1.3367196898810318,f
314,Zlib -9,CinC_ECG_torso,1.3365410318096766,f
309,Zstd -1,CinC_ECG_torso,1.1520737327188941,f
310,Zstd -9,CinC_ECG_torso,1.385809312638581,f
1565,FastPFOR,Coffee,1.9833399444664814,f
77,Huffman,Coffee,1.0072522159548751,f
74,LZ4,Coffee,0.99601593625498,f
1564,SIMDBP128,Coffee,1.9912385503783354,f
1566,Simple8B,Coffee,1.6866250632484399,f
73,Snappy,Coffee,0.9998000399920016,f
637,SprintzDelta_16b -1,Coffee,1.288659793814433,c
639,SprintzDelta_Huf_16b -1,Coffee,1.2903225806451613,c
638,SprintzXff_16b -1,Coffee,1.359249694168819,c
640,SprintzXff_Huf_16b -1,Coffee,1.3644426251876107,c
75,Zlib -1,Coffee,1.008979921299566,f
76,Zlib -9,Coffee,1.0072522159548751,f
71,Zstd -1,Coffee,0.9997000899730081,f
72,Zstd -9,Coffee,0.9997000899730081,f
1697,FastPFOR,Computers,2.328288707799767,f
385,Huffman,Computers,1.2840267077555214,f
382,LZ4,Computers,6.798096532970768,f
1696,SIMDBP128,Computers,2.328830926874709,f
1698,Simple8B,Computers,2.0,f
381,Snappy,Computers,6.835269993164729,f
813,SprintzDelta_16b -1,Computers,2.3607176581680833,c
815,SprintzDelta_Huf_16b -1,Computers,3.35345405767941,c
814,SprintzXff_16b -1,Computers,2.366863905325444,c
816,SprintzXff_Huf_16b -1,Computers,2.960331557134399,c
383,Zlib -1,Computers,11.299435028248588,f
384,Zlib -9,Computers,14.925373134328359,f
379,Zstd -1,Computers,11.534025374855824,f
380,Zstd -9,Computers,13.175230566534914,f
1772,FastPFOR,Cricket_X,2.1168501270110074,f
560,Huffman,Cricket_X,1.075268817204301,f
557,LZ4,Cricket_X,0.9961151509114453,f
1771,SIMDBP128,Cricket_X,2.092487968194183,f
1773,Simple8B,Cricket_X,1.9916351324437362,f
556,Snappy,Cricket_X,0.9999000099990001,f
913,SprintzDelta_16b -1,Cricket_X,1.3410218586562963,c
915,SprintzDelta_Huf_16b -1,Cricket_X,1.349892008639309,c
914,SprintzXff_16b -1,Cricket_X,1.339764201500536,c
916,SprintzXff_Huf_16b -1,Cricket_X,1.3480722566729575,c
558,Zlib -1,Cricket_X,1.0823682216690118,f
559,Zlib -9,Cricket_X,1.0766580534022394,f
554,Zstd -1,Cricket_X,1.0753844499408538,f
555,Zstd -9,Cricket_X,1.075268817204301,f
1763,FastPFOR,Cricket_Y,1.9916351324437362,f
539,Huffman,Cricket_Y,1.07284626113078,f
536,LZ4,Cricket_Y,0.9961151509114453,f
1762,SIMDBP128,Cricket_Y,1.9916351324437362,f
1764,Simple8B,Cricket_Y,1.521838380763963,f
535,Snappy,Cricket_Y,0.9999000099990001,f
901,SprintzDelta_16b -1,Cricket_Y,1.3408420488066506,c
903,SprintzDelta_Huf_16b -1,Cricket_Y,1.349892008639309,c
902,SprintzXff_16b -1,Cricket_Y,1.3403029084573113,c
904,SprintzXff_Huf_16b -1,Cricket_Y,1.3486176668914363,c
537,Zlib -1,Cricket_Y,1.0807305738679347,f
538,Zlib -9,Cricket_Y,1.0756157900397978,f
533,Zstd -1,Cricket_Y,1.0729613733905579,f
534,Zstd -9,Cricket_Y,1.07284626113078,f
1775,FastPFOR,Cricket_Z,2.117746717492588,f
567,Huffman,Cricket_Z,1.0750376263169212,f
564,LZ4,Cricket_Z,0.9961151509114453,f
1774,SIMDBP128,Cricket_Z,2.0959966464053656,f
1776,Simple8B,Cricket_Z,1.9928258270227182,f
563,Snappy,Cricket_Z,0.9999000099990001,f
917,SprintzDelta_16b -1,Cricket_Z,1.3401232913428034,c
919,SprintzDelta_Huf_16b -1,Cricket_Z,1.348799568384138,c
918,SprintzXff_16b -1,Cricket_Z,1.3392259274139546,c
920,SprintzXff_Huf_16b -1,Cricket_Z,1.3471642193183349,c
565,Zlib -1,Cricket_Z,1.0822510822510822,f
566,Zlib -9,Cricket_Z,1.0766580534022394,f
561,Zstd -1,Cricket_Z,1.0750376263169212,f
562,Zstd -9,Cricket_Z,1.0750376263169212,f
1535,FastPFOR,DiatomSizeReduction,1.9912385503783354,f
7,Huffman,DiatomSizeReduction,0.9999000099990001,f
4,LZ4,DiatomSizeReduction,0.9961151509114453,f
1534,SIMDBP128,DiatomSizeReduction,1.9916351324437362,f
1536,Simple8B,DiatomSizeReduction,1.7461148943600489,f
3,Snappy,DiatomSizeReduction,0.9999000099990001,f
597,SprintzDelta_16b -1,DiatomSizeReduction,1.4146272457207527,c
599,SprintzDelta_Huf_16b -1,DiatomSizeReduction,1.4273479874393378,c
598,SprintzXff_16b -1,DiatomSizeReduction,1.6877637130801688,c
600,SprintzXff_Huf_16b -1,DiatomSizeReduction,1.7580872011251758,c
5,Zlib -1,DiatomSizeReduction,1.021659174499387,f
6,Zlib -9,DiatomSizeReduction,1.010407194099222,f
1,Zstd -1,DiatomSizeReduction,0.9999000099990001,f
2,Zstd -9,DiatomSizeReduction,0.9999000099990001,f
1661,FastPFOR,DistalPhalanxOutlineAgeGroup,1.987281399046105,f
301,Huffman,DistalPhalanxOutlineAgeGroup,1.0251153254741159,f
298,LZ4,DistalPhalanxOutlineAgeGroup,1.16918040453642,f
1660,SIMDBP128,DistalPhalanxOutlineAgeGroup,1.9896538002387585,f
1662,Simple8B,DistalPhalanxOutlineAgeGroup,1.7173278378842523,f
297,Snappy,DistalPhalanxOutlineAgeGroup,1.0795638562020944,f
765,SprintzDelta_16b -1,DistalPhalanxOutlineAgeGroup,1.2708095056551023,c
767,SprintzDelta_Huf_16b -1,DistalPhalanxOutlineAgeGroup,1.2894906511927788,c
766,SprintzXff_16b -1,DistalPhalanxOutlineAgeGroup,1.3032712107389548,c
768,SprintzXff_Huf_16b -1,DistalPhalanxOutlineAgeGroup,1.3415615776764152,c
299,Zlib -1,DistalPhalanxOutlineAgeGroup,1.199040767386091,f
300,Zlib -9,DistalPhalanxOutlineAgeGroup,1.200912693647172,f
295,Zstd -1,DistalPhalanxOutlineAgeGroup,1.0820168794633196,f
296,Zstd -9,DistalPhalanxOutlineAgeGroup,1.192890373374687,f
1553,FastPFOR,DistalPhalanxOutlineCorrect,1.9900497512437811,f
49,Huffman,DistalPhalanxOutlineCorrect,1.0239606799098915,f
46,LZ4,DistalPhalanxOutlineCorrect,1.1491611123879568,f
1552,SIMDBP128,DistalPhalanxOutlineCorrect,1.9912385503783354,f
1554,Simple8B,DistalPhalanxOutlineCorrect,1.7331022530329288,f
45,Snappy,DistalPhalanxOutlineCorrect,1.0373443983402488,f
621,SprintzDelta_16b -1,DistalPhalanxOutlineCorrect,1.2730744748567793,c
623,SprintzDelta_Huf_16b -1,DistalPhalanxOutlineCorrect,1.2938284383490748,c
622,SprintzXff_16b -1,DistalPhalanxOutlineCorrect,1.3005592404734037,c
624,SprintzXff_Huf_16b -1,DistalPhalanxOutlineCorrect,1.3374348000534975,c
47,Zlib -1,DistalPhalanxOutlineCorrect,1.177301624676242,f
48,Zlib -9,DistalPhalanxOutlineCorrect,1.1788282447247436,f
43,Zstd -1,DistalPhalanxOutlineCorrect,1.067691650651292,f
44,Zstd -9,DistalPhalanxOutlineCorrect,1.1695906432748537,f
1664,FastPFOR,DistalPhalanxTW,1.9876764062810575,f
308,Huffman,DistalPhalanxTW,1.0255358424776946,f
305,LZ4,DistalPhalanxTW,1.1690437222352115,f
1663,SIMDBP128,DistalPhalanxTW,1.9904458598726114,f
1665,Simple8B,DistalPhalanxTW,1.7185083347654238,f
304,Snappy,DistalPhalanxTW,1.0617965597791463,f
769,SprintzDelta_16b -1,DistalPhalanxTW,1.2737230925996688,c
771,SprintzDelta_Huf_16b -1,DistalPhalanxTW,1.2924906294429364,c
770,SprintzXff_16b -1,DistalPhalanxTW,1.3077023669412842,c
772,SprintzXff_Huf_16b -1,DistalPhalanxTW,1.3440860215053763,c
306,Zlib -1,DistalPhalanxTW,1.1963153487259242,f
307,Zlib -9,DistalPhalanxTW,1.1976047904191616,f
302,Zstd -1,DistalPhalanxTW,1.1896264572924102,f
303,Zstd -9,DistalPhalanxTW,1.1911852293031566,f
1625,FastPFOR,ECG200,1.9813750743015652,f
217,Huffman,ECG200,1.0283833813245578,f
214,LZ4,ECG200,0.99601593625498,f
1624,SIMDBP128,ECG200,1.987281399046105,f
1626,Simple8B,ECG200,1.7743080198722498,f
213,Snappy,ECG200,0.9999000099990001,f
717,SprintzDelta_16b -1,ECG200,1.165093790050099,c
719,SprintzDelta_Huf_16b -1,ECG200,1.1669973159061735,c
718,SprintzXff_16b -1,ECG200,1.1669973159061735,c
720,SprintzXff_Huf_16b -1,ECG200,1.1693171188026192,c
215,Zlib -1,ECG200,1.0251153254741159,f
216,Zlib -9,ECG200,1.0258514567090684,f
211,Zstd -1,ECG200,1.0280662074637608,f
212,Zstd -9,ECG200,1.0279605263157894,f
1670,FastPFOR,ECG5000,1.99203187250996,f
322,Huffman,ECG5000,1.0775862068965518,f
319,LZ4,ECG5000,0.9961151509114453,f
1669,SIMDBP128,ECG5000,1.99203187250996,f
1671,Simple8B,ECG5000,1.68321831341525,f
318,Snappy,ECG5000,1.0,f
777,SprintzDelta_16b -1,ECG5000,1.3444474321054047,c
779,SprintzDelta_Huf_16b -1,ECG5000,1.349709812390336,c
778,SprintzXff_16b -1,ECG5000,1.3469827586206897,c
780,SprintzXff_Huf_16b -1,ECG5000,1.3526308670363856,c
320,Zlib -1,ECG5000,1.0863661053775122,f
321,Zlib -9,ECG5000,1.0787486515641855,f
316,Zstd -1,ECG5000,1.0774701002047193,f
317,Zstd -9,ECG5000,1.0778184953653804,f
1724,FastPFOR,ECGFiveDays,1.9900497512437811,f
448,Huffman,ECGFiveDays,1.122208506340478,f
445,LZ4,ECGFiveDays,0.9961151509114453,f
1723,SIMDBP128,ECGFiveDays,1.9912385503783354,f
1725,Simple8B,ECGFiveDays,1.5108022359873092,f
444,Snappy,ECGFiveDays,1.0,f
849,SprintzDelta_16b -1,ECGFiveDays,1.3854253255749513,c
851,SprintzDelta_Huf_16b -1,ECGFiveDays,1.4037057832678272,c
850,SprintzXff_16b -1,ECGFiveDays,1.3873473917869035,c
852,SprintzXff_Huf_16b -1,ECGFiveDays,1.397428731134712,c
446,Zlib -1,ECGFiveDays,1.179523472517103,f
447,Zlib -9,ECGFiveDays,1.1921793037672868,f
442,Zstd -1,ECGFiveDays,1.122208506340478,f
443,Zstd -9,ECGFiveDays,1.1582117211026175,f
1715,FastPFOR,Earthquakes,2.2336385972749606,f
427,Huffman,Earthquakes,1.1961722488038278,f
424,LZ4,Earthquakes,2.405002405002405,f
1714,SIMDBP128,Earthquakes,2.0682523267838677,f
1716,Simple8B,Earthquakes,2.1079258010118043,f
423,Snappy,Earthquakes,2.4557956777996073,f
837,SprintzDelta_16b -1,Earthquakes,1.2526619065514217,c
839,SprintzDelta_Huf_16b -1,Earthquakes,2.2639800769753227,c
838,SprintzXff_16b -1,Earthquakes,1.2152144853566653,c
840,SprintzXff_Huf_16b -1,Earthquakes,1.826817683595177,c
425,Zlib -1,Earthquakes,3.2679738562091503,f
426,Zlib -9,Earthquakes,3.61794500723589,f
421,Zstd -1,Earthquakes,3.147623544224111,f
422,Zstd -9,Earthquakes,3.3112582781456954,f
1562,FastPFOR,ElectricDevices,2.015722636565209,f
70,Huffman,ElectricDevices,1.1860989206499821,f
67,LZ4,ElectricDevices,2.484472049689441,f
1561,SIMDBP128,ElectricDevices,1.9924287706714485,f
1563,Simple8B,ElectricDevices,1.7455053237912377,f
66,Snappy,ElectricDevices,2.4142926122646062,f
633,SprintzDelta_16b -1,ElectricDevices,1.6926201760324984,c
635,SprintzDelta_Huf_16b -1,ElectricDevices,2.170138888888889,c
634,SprintzXff_16b -1,ElectricDevices,1.7328019407381736,c
636,SprintzXff_Huf_16b -1,ElectricDevices,2.0863759649488838,c
68,Zlib -1,ElectricDevices,3.2615786040443573,f
69,Zlib -9,ElectricDevices,3.4674063800277395,f
64,Zstd -1,ElectricDevices,2.9779630732578917,f
65,Zstd -9,ElectricDevices,3.208213025344883,f
1745,FastPFOR,FISH,2.2747952684258417,f
497,Huffman,FISH,1.0694043417816275,f
494,LZ4,FISH,0.9961151509114453,f
1744,SIMDBP128,FISH,2.279981760145919,f
1746,Simple8B,FISH,2.095557418273261,f
493,Snappy,FISH,0.9999000099990001,f
877,SprintzDelta_16b -1,FISH,1.7346053772766696,c
879,SprintzDelta_Huf_16b -1,FISH,1.7577781683951486,c
878,SprintzXff_16b -1,FISH,2.331545814875262,c
880,SprintzXff_Huf_16b -1,FISH,2.2962112514351323,c
495,Zlib -1,FISH,1.1321181931393638,f
496,Zlib -9,FISH,1.0844810758052272,f
491,Zstd -1,FISH,1.0694043417816275,f
492,Zstd -9,FISH,1.0884946119516707,f
1607,FastPFOR,FaceAll,2.084201750729471,f
175,Huffman,FaceAll,1.0590976488032195,f
172,LZ4,FaceAll,0.9961151509114453,f
1606,SIMDBP128,FaceAll,1.9972039145196725,f
1608,Simple8B,FaceAll,1.9546520719311964,f
171,Snappy,FaceAll,0.9999000099990001,f
693,SprintzDelta_16b -1,FaceAll,1.1759172154280337,c
695,SprintzDelta_Huf_16b -1,FaceAll,1.1782726522917402,c
694,SprintzXff_16b -1,FaceAll,1.2014898474107893,c
696,SprintzXff_Huf_16b -1,FaceAll,1.2043839576056847,c
173,Zlib -1,FaceAll,1.0578652279699565,f
174,Zlib -9,FaceAll,1.0599957600169598,f
169,Zstd -1,FaceAll,1.0599957600169598,f
170,Zstd -9,FaceAll,1.0615711252653928,f
1694,FastPFOR,FaceFour,1.9916351324437362,f
378,Huffman,FaceFour,1.045696957021855,f
375,LZ4,FaceFour,1.043079169708981,f
1693,SIMDBP128,FaceFour,1.9932230416583614,f
1695,Simple8B,FaceFour,1.8389113644722324,f
374,Snappy,FaceFour,1.0258514567090684,f
809,SprintzDelta_16b -1,FaceFour,1.1943150603129105,c
811,SprintzDelta_Huf_16b -1,FaceFour,1.5862944162436547,c
810,SprintzXff_16b -1,FaceFour,1.1944577161968466,c
812,SprintzXff_Huf_16b -1,FaceFour,1.4983518130056939,c
376,Zlib -1,FaceFour,1.2410027302060065,f
377,Zlib -9,FaceFour,1.2613521695257315,f
372,Zstd -1,FaceFour,1.1358473421172193,f
373,Zstd -9,FaceFour,1.2708095056551023,f
1685,FastPFOR,FacesUCR,2.084201750729471,f
357,Huffman,FacesUCR,1.058761249338274,f
354,LZ4,FacesUCR,0.9961151509114453,f
1684,SIMDBP128,FacesUCR,2.000400080016003,f
1686,Simple8B,FacesUCR,1.9546520719311964,f
353,Snappy,FacesUCR,0.9999000099990001,f
797,SprintzDelta_16b -1,FacesUCR,1.175226231049477,c
799,SprintzDelta_Huf_16b -1,FacesUCR,1.1775788977861517,c
798,SprintzXff_16b -1,FacesUCR,1.203369434416366,c
800,SprintzXff_Huf_16b -1,FacesUCR,1.2055455093429777,c
355,Zlib -1,FacesUCR,1.0559662090813093,f
356,Zlib -9,FacesUCR,1.0585371017254155,f
351,Zstd -1,FacesUCR,1.058873358746294,f
352,Zstd -9,FacesUCR,1.0604453870625663,f
1613,FastPFOR,FordA,1.99203187250996,f
189,Huffman,FordA,1.0327377878756583,f
186,LZ4,FordA,0.9961151509114453,f
1612,SIMDBP128,FordA,1.99203187250996,f
1614,Simple8B,FordA,1.699524133242692,f
185,Snappy,FordA,1.0,f
701,SprintzDelta_16b -1,FordA,1.210214207914801,c
703,SprintzDelta_Huf_16b -1,FordA,1.212709192335678,c
702,SprintzXff_16b -1,FordA,1.352447930754666,c
704,SprintzXff_Huf_16b -1,FordA,1.3537295248409367,c
187,Zlib -1,FordA,1.0307153164296021,f
188,Zlib -9,FordA,1.0309278350515463,f
183,Zstd -1,FordA,1.0329511414110113,f
184,Zstd -9,FordA,1.032844453625284,f
1589,FastPFOR,FordB,1.99203187250996,f
133,Huffman,FordB,1.0363768266141569,f
130,LZ4,FordB,0.9961151509114453,f
1588,SIMDBP128,FordB,1.99203187250996,f
1590,Simple8B,FordB,1.6139444803098772,f
129,Snappy,FordB,1.0,f
669,SprintzDelta_16b -1,FordB,1.2144765606023804,c
671,SprintzDelta_Huf_16b -1,FordB,1.2168410805548795,c
670,SprintzXff_16b -1,FordB,1.3482540110556829,c
672,SprintzXff_Huf_16b -1,FordB,1.3500742540839747,c
131,Zlib -1,FordB,1.0341261633919339,f
132,Zlib -9,FordB,1.0340192327577293,f
127,Zstd -1,FordB,1.0364842454394694,f
128,Zstd -9,FordB,1.0364842454394694,f
1736,FastPFOR,Gun_Point,1.990842126219391,f
476,Huffman,Gun_Point,1.0281719103434093,f
473,LZ4,Gun_Point,0.99601593625498,f
1735,SIMDBP128,Gun_Point,1.9904458598726114,f
1737,Simple8B,Gun_Point,1.75377060680463,f
472,Snappy,Gun_Point,0.9999000099990001,f
865,SprintzDelta_16b -1,Gun_Point,1.5309246785058177,c
867,SprintzDelta_Huf_16b -1,Gun_Point,1.5405946695424435,c
866,SprintzXff_16b -1,Gun_Point,1.6116035455278002,c
868,SprintzXff_Huf_16b -1,Gun_Point,1.6273393002441008,c
474,Zlib -1,Gun_Point,1.0576414595452142,f
475,Zlib -9,Gun_Point,1.051745898190997,f
470,Zstd -1,Gun_Point,1.0279605263157894,f
471,Zstd -9,Gun_Point,1.0279605263157894,f
1754,FastPFOR,Ham,2.126754572522331,f
518,Huffman,Ham,1.0738831615120275,f
515,LZ4,Ham,0.9963136395337252,f
1753,SIMDBP128,Ham,2.0986358866736623,f
1755,Simple8B,Ham,1.9880715705765408,f
514,Snappy,Ham,1.0002000400080016,f
889,SprintzDelta_16b -1,Ham,1.3948946854512485,c
891,SprintzDelta_Huf_16b -1,Ham,1.402524544179523,c
890,SprintzXff_16b -1,Ham,1.539882968894364,c
892,SprintzXff_Huf_16b -1,Ham,1.5436863229391786,c
516,Zlib -1,Ham,1.1018069634200087,f
517,Zlib -9,Ham,1.1002310485201892,f
512,Zstd -1,Ham,1.0744600838078866,f
513,Zstd -9,Ham,1.0827197921178,f
1688,FastPFOR,HandOutlines,2.008838891120932,f
364,Huffman,HandOutlines,1.0017028949213664,f
361,LZ4,HandOutlines,0.9961151509114453,f
1687,SIMDBP128,HandOutlines,2.0177562550443904,f
1689,Simple8B,HandOutlines,1.590583744234134,f
360,Snappy,HandOutlines,1.0,f
801,SprintzDelta_16b -1,HandOutlines,1.8535681186283595,c
803,SprintzDelta_Huf_16b -1,HandOutlines,1.9256691700365878,c
802,SprintzXff_16b -1,HandOutlines,2.0755500207555,c
804,SprintzXff_Huf_16b -1,HandOutlines,2.075980900975711,c
362,Zlib -1,HandOutlines,1.0595465140919686,f
363,Zlib -9,HandOutlines,1.026167265264238,f
358,Zstd -1,HandOutlines,1.0,f
359,Zstd -9,HandOutlines,1.0793308148947651,f
1571,FastPFOR,Haptics,1.99203187250996,f
91,Huffman,Haptics,1.0764262648008611,f
88,LZ4,Haptics,0.9961151509114453,f
1570,SIMDBP128,Haptics,1.99203187250996,f
1572,Simple8B,Haptics,1.5001500150015001,f
87,Snappy,Haptics,0.9999000099990001,f
645,SprintzDelta_16b -1,Haptics,1.887861053426468,c
647,SprintzDelta_Huf_16b -1,Haptics,1.9146084625694046,c
646,SprintzXff_16b -1,Haptics,1.9398642095053347,c
648,SprintzXff_Huf_16b -1,Haptics,1.9615535504119264,c
89,Zlib -1,Haptics,1.1649580615097856,f
90,Zlib -9,Haptics,1.104484205875856,f
85,Zstd -1,Haptics,1.0763104079216446,f
86,Zstd -9,Haptics,1.1280315848843767,f
1766,FastPFOR,Herring,1.9904458598726114,f
546,Huffman,Herring,0.9999000099990001,f
543,LZ4,Herring,0.9961151509114453,f
1765,SIMDBP128,Herring,1.9972039145196725,f
1767,Simple8B,Herring,1.7226528854435832,f
542,Snappy,Herring,0.9999000099990001,f
905,SprintzDelta_16b -1,Herring,1.4108352144469527,c
907,SprintzDelta_Huf_16b -1,Herring,1.4206563432305725,c
906,SprintzXff_16b -1,Herring,1.555451858764971,c
908,SprintzXff_Huf_16b -1,Herring,1.5669069257286117,c
544,Zlib -1,Herring,1.0071507704703393,f
545,Zlib -9,Herring,1.0021044192804889,f
540,Zstd -1,Herring,0.9999000099990001,f
541,Zstd -9,Herring,0.9999000099990001,f
1640,FastPFOR,InlineSkate,2.0837674515524065,f
252,Huffman,InlineSkate,1.0272213662044172,f
249,LZ4,InlineSkate,0.9978048293753742,f
1639,SIMDBP128,InlineSkate,2.097315436241611,f
1641,Simple8B,InlineSkate,1.8804061677322301,f
248,Snappy,InlineSkate,1.0,f
737,SprintzDelta_16b -1,InlineSkate,1.6048788316482105,c
739,SprintzDelta_Huf_16b -1,InlineSkate,1.6196954972465176,c
738,SprintzXff_16b -1,InlineSkate,1.6056518946692357,c
740,SprintzXff_Huf_16b -1,InlineSkate,1.6194331983805668,c
250,Zlib -1,InlineSkate,1.0716964955524595,f
251,Zlib -9,InlineSkate,1.0540739959945187,f
246,Zstd -1,InlineSkate,1.0326311441553078,f
247,Zstd -9,InlineSkate,1.0964912280701753,f
1712,FastPFOR,InsectWingbeatSound,2.100840336134454,f
420,Huffman,InsectWingbeatSound,1.0849517196484757,f
417,LZ4,InsectWingbeatSound,0.9962143853357243,f
1711,SIMDBP128,InsectWingbeatSound,2.062280882656218,f
1713,Simple8B,InsectWingbeatSound,1.9673421207948063,f
416,Snappy,InsectWingbeatSound,1.0,f
833,SprintzDelta_16b -1,InsectWingbeatSound,1.521375323292256,c
835,SprintzDelta_Huf_16b -1,InsectWingbeatSound,1.5239256324291373,c
834,SprintzXff_16b -1,InsectWingbeatSound,1.6716817118020728,c
836,SprintzXff_Huf_16b -1,InsectWingbeatSound,1.68321831341525,c
418,Zlib -1,InsectWingbeatSound,1.1166945840312674,f
419,Zlib -9,InsectWingbeatSound,1.1113580795732385,f
414,Zstd -1,InsectWingbeatSound,1.0854227721697602,f
415,Zstd -9,InsectWingbeatSound,1.124732875941964,f
1595,FastPFOR,ItalyPowerDemand,1.9904458598726114,f
147,Huffman,ItalyPowerDemand,0.9999000099990001,f
144,LZ4,ItalyPowerDemand,0.9961151509114453,f
1594,SIMDBP128,ItalyPowerDemand,1.9904458598726114,f
1596,Simple8B,ItalyPowerDemand,1.7099863201094392,f
143,Snappy,ItalyPowerDemand,0.9999000099990001,f
677,SprintzDelta_16b -1,ItalyPowerDemand,1.040257983980027,c
679,SprintzDelta_Huf_16b -1,ItalyPowerDemand,1.060332944544587,c
678,SprintzXff_16b -1,ItalyPowerDemand,1.0535187526337968,c
680,SprintzXff_Huf_16b -1,ItalyPowerDemand,1.0695187165775402,c
145,Zlib -1,ItalyPowerDemand,1.015331505736623,f
146,Zlib -9,ItalyPowerDemand,1.0156408693885843,f
141,Zstd -1,ItalyPowerDemand,0.9998000399920016,f
142,Zstd -9,ItalyPowerDemand,0.9998000399920016,f
1592,FastPFOR,LargeKitchenAppliances,2.547121752419766,f
140,Huffman,LargeKitchenAppliances,1.5220700152207,f
137,LZ4,LargeKitchenAppliances,9.27643784786642,f
1591,SIMDBP128,LargeKitchenAppliances,2.4968789013732837,f
1593,Simple8B,LargeKitchenAppliances,2.4563989191844757,f
136,Snappy,LargeKitchenAppliances,7.800312012480499,f
673,SprintzDelta_16b -1,LargeKitchenAppliances,5.844535359438924,c
675,SprintzDelta_Huf_16b -1,LargeKitchenAppliances,7.246376811594202,c
674,SprintzXff_16b -1,LargeKitchenAppliances,5.807200929152149,c
676,SprintzXff_Huf_16b -1,LargeKitchenAppliances,6.7934782608695645,c
138,Zlib -1,LargeKitchenAppliances,12.091898428053206,f
139,Zlib -9,LargeKitchenAppliances,14.104372355430185,f
134,Zstd -1,LargeKitchenAppliances,11.682242990654204,f
135,Zstd -9,LargeKitchenAppliances,13.089005235602095,f
1583,FastPFOR,Lighting2,2.4283632831471587,f
119,Huffman,Lighting2,1.1441647597254003,f
116,LZ4,Lighting2,1.1913271384322135,f
1582,SIMDBP128,Lighting2,2.4061597690086622,f
1584,Simple8B,Lighting2,2.3245002324500232,f
115,Snappy,Lighting2,1.1418131993605847,f
661,SprintzDelta_16b -1,Lighting2,1.7250301880282906,c
663,SprintzDelta_Huf_16b -1,Lighting2,1.7382235355466713,c
662,SprintzXff_16b -1,Lighting2,1.7271157167530224,c
664,SprintzXff_Huf_16b -1,Lighting2,1.7394329448599757,c
117,Zlib -1,Lighting2,1.3840830449826989,f
118,Zlib -9,Lighting2,1.3886960144424385,f
113,Zstd -1,Lighting2,1.3758943313153549,f
114,Zstd -9,Lighting2,1.380452788514633,f
1649,FastPFOR,Lighting7,2.279981760145919,f
273,Huffman,Lighting7,1.11000111000111,f
270,LZ4,Lighting7,1.182033096926714,f
1648,SIMDBP128,Lighting7,2.23613595706619,f
1650,Simple8B,Lighting7,2.0678246484698097,f
269,Snappy,Lighting7,1.124859392575928,f
749,SprintzDelta_16b -1,Lighting7,1.5691197238349286,c
751,SprintzDelta_Huf_16b -1,Lighting7,1.5860428231562254,c
750,SprintzXff_16b -1,Lighting7,1.5735641227380017,c
752,SprintzXff_Huf_16b -1,Lighting7,1.589067217543302,c
271,Zlib -1,Lighting7,1.3285505513484788,f
272,Zlib -9,Lighting7,1.3344008540165466,f
267,Zstd -1,Lighting7,1.3297872340425532,f
268,Zstd -9,Lighting7,1.331026221216558,f
1580,FastPFOR,MALLAT,2.0048115477145148,f
112,Huffman,MALLAT,1.0186411327289395,f
109,LZ4,MALLAT,0.9961151509114453,f
1579,SIMDBP128,MALLAT,2.0230629172567265,f
1581,Simple8B,MALLAT,1.8034265103697023,f
108,Snappy,MALLAT,1.0,f
657,SprintzDelta_16b -1,MALLAT,1.5368065160596283,c
659,SprintzDelta_Huf_16b -1,MALLAT,1.539408866995074,c
658,SprintzXff_16b -1,MALLAT,2.1092596498628984,c
660,SprintzXff_Huf_16b -1,MALLAT,2.0846362309776945,c
110,Zlib -1,MALLAT,1.0324179227751393,f
111,Zlib -9,MALLAT,1.0206164523372117,f
106,Zstd -1,MALLAT,1.0187449062754688,f
107,Zstd -9,MALLAT,1.0238558410975735,f
1610,FastPFOR,Meat,2.033760423022168,f
182,Huffman,Meat,1.0671219720414045,f
179,LZ4,Meat,0.9961151509114453,f
1609,SIMDBP128,Meat,2.062706270627063,f
1611,Simple8B,Meat,1.9342359767891681,f
178,Snappy,Meat,0.9999000099990001,f
697,SprintzDelta_16b -1,Meat,1.5800284405119291,c
699,SprintzDelta_Huf_16b -1,Meat,1.582528881152081,c
698,SprintzXff_16b -1,Meat,1.763979537837361,c
700,SprintzXff_Huf_16b -1,Meat,1.7774617845716318,c
180,Zlib -1,Meat,1.0976948408342482,f
181,Zlib -9,Meat,1.081782778018174,f
176,Zstd -1,Meat,1.0668942707777658,f
177,Zstd -9,Meat,1.075268817204301,f
1703,FastPFOR,MedicalImages,2.081165452653486,f
399,Huffman,MedicalImages,1.0731916720326249,f
396,LZ4,MedicalImages,0.9961151509114453,f
1702,SIMDBP128,MedicalImages,2.0124773596297043,f
1704,Simple8B,MedicalImages,1.9642506383814575,f
395,Snappy,MedicalImages,0.9999000099990001,f
821,SprintzDelta_16b -1,MedicalImages,1.4583637159107483,c
823,SprintzDelta_Huf_16b -1,MedicalImages,1.457938474996355,c
822,SprintzXff_16b -1,MedicalImages,1.5946420028703556,c
824,SprintzXff_Huf_16b -1,MedicalImages,1.5956598053295037,c
397,Zlib -1,MedicalImages,1.0845986984815619,f
398,Zlib -9,MedicalImages,1.076194575979337,f
393,Zstd -1,MedicalImages,1.0730765103551883,f
394,Zstd -9,MedicalImages,1.0772379618657761,f
1760,FastPFOR,MiddlePhalanxOutlineAgeGroup,1.9880715705765408,f
532,Huffman,MiddlePhalanxOutlineAgeGroup,1.0199918400652794,f
529,LZ4,MiddlePhalanxOutlineAgeGroup,1.1294330246216397,f
1759,SIMDBP128,MiddlePhalanxOutlineAgeGroup,1.9904458598726114,f
1761,Simple8B,MiddlePhalanxOutlineAgeGroup,1.7328019407381736,f
528,Snappy,MiddlePhalanxOutlineAgeGroup,1.0932546190007653,f
897,SprintzDelta_16b -1,MiddlePhalanxOutlineAgeGroup,1.24595066035385,c
899,SprintzDelta_Huf_16b -1,MiddlePhalanxOutlineAgeGroup,1.2632642748863063,c
898,SprintzXff_16b -1,MiddlePhalanxOutlineAgeGroup,1.2863390789812195,c
900,SprintzXff_Huf_16b -1,MiddlePhalanxOutlineAgeGroup,1.3239772275916855,c
530,Zlib -1,MiddlePhalanxOutlineAgeGroup,1.157675387821255,f
531,Zlib -9,MiddlePhalanxOutlineAgeGroup,1.1586142973004288,f
526,Zstd -1,MiddlePhalanxOutlineAgeGroup,1.0835410120273052,f
527,Zstd -9,MiddlePhalanxOutlineAgeGroup,1.1507479861910241,f
1652,FastPFOR,MiddlePhalanxOutlineCorrect,1.9900497512437811,f
280,Huffman,MiddlePhalanxOutlineCorrect,1.021346134204882,f
277,LZ4,MiddlePhalanxOutlineCorrect,1.1154489682097044,f
1651,SIMDBP128,MiddlePhalanxOutlineCorrect,1.9912385503783354,f
1653,Simple8B,MiddlePhalanxOutlineCorrect,1.7403411068569439,f
276,Snappy,MiddlePhalanxOutlineCorrect,1.0422094841063054,f
753,SprintzDelta_16b -1,MiddlePhalanxOutlineCorrect,1.2403870007442321,c
755,SprintzDelta_Huf_16b -1,MiddlePhalanxOutlineCorrect,1.2602394454946442,c
754,SprintzXff_16b -1,MiddlePhalanxOutlineCorrect,1.2845215157353886,c
756,SprintzXff_Huf_16b -1,MiddlePhalanxOutlineCorrect,1.3236267372600927,c
278,Zlib -1,MiddlePhalanxOutlineCorrect,1.1431184270690442,f
279,Zlib -9,MiddlePhalanxOutlineCorrect,1.1433798307797851,f
274,Zstd -1,MiddlePhalanxOutlineCorrect,1.046134532900931,f
275,Zstd -9,MiddlePhalanxOutlineCorrect,1.1339154099104207,f
1769,FastPFOR,MiddlePhalanxTW,1.9896538002387585,f
553,Huffman,MiddlePhalanxTW,1.0199918400652794,f
550,LZ4,MiddlePhalanxTW,1.1312217194570136,f
1768,SIMDBP128,MiddlePhalanxTW,1.9916351324437362,f
1770,Simple8B,MiddlePhalanxTW,1.7307026652821045,f
549,Snappy,MiddlePhalanxTW,1.0255358424776946,f
909,SprintzDelta_16b -1,MiddlePhalanxTW,1.2495314257153567,c
911,SprintzDelta_Huf_16b -1,MiddlePhalanxTW,1.2651821862348178,c
910,SprintzXff_16b -1,MiddlePhalanxTW,1.2903225806451613,c
912,SprintzXff_Huf_16b -1,MiddlePhalanxTW,1.325556733828208,c
551,Zlib -1,MiddlePhalanxTW,1.1547344110854505,f
552,Zlib -9,MiddlePhalanxTW,1.1556685542586387,f
547,Zstd -1,MiddlePhalanxTW,1.1470520761642578,f
548,Zstd -9,MiddlePhalanxTW,1.1492931846914147,f
1538,FastPFOR,MoteStrain,1.9912385503783354,f
14,Huffman,MoteStrain,1.0702054794520548,f
11,LZ4,MoteStrain,1.002908434459934,f
1537,SIMDBP128,MoteStrain,1.9916351324437362,f
1539,Simple8B,MoteStrain,1.6778523489932886,f
10,Snappy,MoteStrain,1.0,f
601,SprintzDelta_16b -1,MoteStrain,1.349527665317139,c
603,SprintzDelta_Huf_16b -1,MoteStrain,1.3614703880190606,c
602,SprintzXff_16b -1,MoteStrain,1.3566680233346902,c
604,SprintzXff_Huf_16b -1,MoteStrain,1.3681762210972772,c
12,Zlib -1,MoteStrain,1.0951702989814915,f
13,Zlib -9,MoteStrain,1.0857763300760044,f
8,Zstd -1,MoteStrain,1.0796804145972791,f
9,Zstd -9,MoteStrain,1.0851871947911014,f
1721,FastPFOR,NonInvasiveFatalECG_Thorax1,1.994813484939158,f
441,Huffman,NonInvasiveFatalECG_Thorax1,1.0582010582010581,f
438,LZ4,NonInvasiveFatalECG_Thorax1,0.9961151509114453,f
1720,SIMDBP128,NonInvasiveFatalECG_Thorax1,2.0100502512562812,f
1722,Simple8B,NonInvasiveFatalECG_Thorax1,1.702127659574468,f
437,Snappy,NonInvasiveFatalECG_Thorax1,1.0,f
845,SprintzDelta_16b -1,NonInvasiveFatalECG_Thorax1,1.6155088852988693,c
847,SprintzDelta_Huf_16b -1,NonInvasiveFatalECG_Thorax1,1.6273393002441008,c
846,SprintzXff_16b -1,NonInvasiveFatalECG_Thorax1,1.713796058269066,c
848,SprintzXff_Huf_16b -1,NonInvasiveFatalECG_Thorax1,1.7268174753928511,c
439,Zlib -1,NonInvasiveFatalECG_Thorax1,1.1035091591260207,f
440,Zlib -9,NonInvasiveFatalECG_Thorax1,1.0772379618657761,f
435,Zstd -1,NonInvasiveFatalECG_Thorax1,1.0583130489998942,f
436,Zstd -9,NonInvasiveFatalECG_Thorax1,1.0949304719150335,f
1751,FastPFOR,NonInvasiveFatalECG_Thorax2,2.01328769881216,f
511,Huffman,NonInvasiveFatalECG_Thorax2,1.0596587898696619,f
508,LZ4,NonInvasiveFatalECG_Thorax2,0.9961151509114453,f
1750,SIMDBP128,NonInvasiveFatalECG_Thorax2,2.02757502027575,f
1752,Simple8B,NonInvasiveFatalECG_Thorax2,1.78826895565093,f
507,Snappy,NonInvasiveFatalECG_Thorax2,1.0,f
885,SprintzDelta_16b -1,NonInvasiveFatalECG_Thorax2,1.6647244880972198,c
887,SprintzDelta_Huf_16b -1,NonInvasiveFatalECG_Thorax2,1.6775708773695688,c
886,SprintzXff_16b -1,NonInvasiveFatalECG_Thorax2,1.7834849295523452,c
888,SprintzXff_Huf_16b -1,NonInvasiveFatalECG_Thorax2,1.7982377270275132,c
509,Zlib -1,NonInvasiveFatalECG_Thorax2,1.1103708638685321,f
510,Zlib -9,NonInvasiveFatalECG_Thorax2,1.0816657652785289,f
505,Zstd -1,NonInvasiveFatalECG_Thorax2,1.0596587898696619,f
506,Zstd -9,NonInvasiveFatalECG_Thorax2,1.112470797641562,f
1733,FastPFOR,OSULeaf,1.990842126219391,f
469,Huffman,OSULeaf,0.9999000099990001,f
466,LZ4,OSULeaf,0.9961151509114453,f
1732,SIMDBP128,OSULeaf,1.9916351324437362,f
1734,Simple8B,OSULeaf,1.720282126268708,f
465,Snappy,OSULeaf,0.9999000099990001,f
861,SprintzDelta_16b -1,OSULeaf,1.3482540110556829,c
863,SprintzDelta_Huf_16b -1,OSULeaf,1.3540961408259988,c
862,SprintzXff_16b -1,OSULeaf,1.4345144168698896,c
864,SprintzXff_Huf_16b -1,OSULeaf,1.445086705202312,c
467,Zlib -1,OSULeaf,1.0175010175010175,f
468,Zlib -9,OSULeaf,1.0154346060113728,f
463,Zstd -1,OSULeaf,1.0059350165979277,f
464,Zstd -9,OSULeaf,1.0059350165979277,f
1622,FastPFOR,OliveOil,2.0533880903490758,f
210,Huffman,OliveOil,1.040257983980027,f
207,LZ4,OliveOil,0.9961151509114453,f
1621,SIMDBP128,OliveOil,2.068680182043856,f
1623,Simple8B,OliveOil,2.0559210526315788,f
206,Snappy,OliveOil,0.9999000099990001,f
713,SprintzDelta_16b -1,OliveOil,1.5413070283600494,c
715,SprintzDelta_Huf_16b -1,OliveOil,1.5434480629726808,c
714,SprintzXff_16b -1,OliveOil,1.7494751574527643,c
716,SprintzXff_Huf_16b -1,OliveOil,1.7667844522968197,c
208,Zlib -1,OliveOil,1.0785159620362381,f
209,Zlib -9,OliveOil,1.056859015007398,f
204,Zstd -1,OliveOil,1.0400416016640666,f
205,Zstd -9,OliveOil,1.04942806170637,f
1706,FastPFOR,PhalangesOutlinesCorrect,1.9916351324437362,f
406,Huffman,PhalangesOutlinesCorrect,1.0259567046270648,f
403,LZ4,PhalangesOutlinesCorrect,1.1465260261407935,f
1705,SIMDBP128,PhalangesOutlinesCorrect,1.99203187250996,f
1707,Simple8B,PhalangesOutlinesCorrect,1.7379214459506431,f
402,Snappy,PhalangesOutlinesCorrect,1.0848340203948794,f
825,SprintzDelta_16b -1,PhalangesOutlinesCorrect,1.296680497925311,c
827,SprintzDelta_Huf_16b -1,PhalangesOutlinesCorrect,1.3147515119642388,c
826,SprintzXff_16b -1,PhalangesOutlinesCorrect,1.332800213248034,c
828,SprintzXff_Huf_16b -1,PhalangesOutlinesCorrect,1.374003847210772,c
404,Zlib -1,PhalangesOutlinesCorrect,1.1865211200759374,f
405,Zlib -9,PhalangesOutlinesCorrect,1.1866619200189867,f
400,Zstd -1,PhalangesOutlinesCorrect,1.1229646266142617,f
401,Zstd -9,PhalangesOutlinesCorrect,1.1713716762328685,f
1757,FastPFOR,Phoneme,1.99203187250996,f
525,Huffman,Phoneme,1.1032656663724625,f
522,LZ4,Phoneme,0.9988014382740711,f
1756,SIMDBP128,Phoneme,1.99203187250996,f
1758,Simple8B,Phoneme,1.5664160401002505,f
521,Snappy,Phoneme,1.0002000400080016,f
893,SprintzDelta_16b -1,Phoneme,1.3745704467353952,c
895,SprintzDelta_Huf_16b -1,Phoneme,1.3762730525736306,c
894,SprintzXff_16b -1,Phoneme,1.4106361969248131,c
896,SprintzXff_Huf_16b -1,Phoneme,1.4110342881332016,c
523,Zlib -1,Phoneme,1.1104941699056081,f
524,Zlib -9,Phoneme,1.1076650420912715,f
519,Zstd -1,Phoneme,1.105460977227504,f
520,Zstd -9,Phoneme,1.1135857461024499,f
1550,FastPFOR,Plane,1.9904458598726114,f
42,Huffman,Plane,0.9999000099990001,f
39,LZ4,Plane,0.9961151509114453,f
1549,SIMDBP128,Plane,1.9900497512437811,f
1551,Simple8B,Plane,1.7599436818021823,f
38,Snappy,Plane,0.9999000099990001,f
617,SprintzDelta_16b -1,Plane,1.1924636298592892,c
619,SprintzDelta_Huf_16b -1,Plane,1.2014898474107893,c
618,SprintzXff_16b -1,Plane,1.2588116817724069,c
620,SprintzXff_Huf_16b -1,Plane,1.2961762799740764,c
40,Zlib -1,Plane,1.0025062656641603,f
41,Zlib -9,Plane,1.0023053021950485,f
36,Zstd -1,Plane,0.9998000399920016,f
37,Zstd -9,Plane,0.9998000399920016,f
1673,FastPFOR,ProximalPhalanxOutlineAgeGroup,1.9896538002387585,f
329,Huffman,ProximalPhalanxOutlineAgeGroup,1.0206164523372117,f
326,LZ4,ProximalPhalanxOutlineAgeGroup,1.1523392486748099,f
1672,SIMDBP128,ProximalPhalanxOutlineAgeGroup,1.9904458598726114,f
1674,Simple8B,ProximalPhalanxOutlineAgeGroup,1.7621145374449338,f
325,Snappy,ProximalPhalanxOutlineAgeGroup,1.0105092966855296,f
781,SprintzDelta_16b -1,ProximalPhalanxOutlineAgeGroup,1.2616704516780217,c
783,SprintzDelta_Huf_16b -1,ProximalPhalanxOutlineAgeGroup,1.2825445684237526,c
782,SprintzXff_16b -1,ProximalPhalanxOutlineAgeGroup,1.3034410844629822,c
784,SprintzXff_Huf_16b -1,ProximalPhalanxOutlineAgeGroup,1.349527665317139,c
327,Zlib -1,ProximalPhalanxOutlineAgeGroup,1.1767474699929394,f
328,Zlib -9,ProximalPhalanxOutlineAgeGroup,1.1782726522917402,f
323,Zstd -1,ProximalPhalanxOutlineAgeGroup,1.020512297173181,f
324,Zstd -9,ProximalPhalanxOutlineAgeGroup,1.1720581340834506,f
1547,FastPFOR,ProximalPhalanxOutlineCorrect,1.9900497512437811,f
35,Huffman,ProximalPhalanxOutlineCorrect,1.0248001639680262,f
32,LZ4,ProximalPhalanxOutlineCorrect,1.1926058437686347,f
1546,SIMDBP128,ProximalPhalanxOutlineCorrect,1.9912385503783354,f
1548,Simple8B,ProximalPhalanxOutlineCorrect,1.757469244288225,f
31,Snappy,ProximalPhalanxOutlineCorrect,1.127777151234916,f
613,SprintzDelta_16b -1,ProximalPhalanxOutlineCorrect,1.2914890869172155,c
615,SprintzDelta_Huf_16b -1,ProximalPhalanxOutlineCorrect,1.3183915622940015,c
614,SprintzXff_16b -1,ProximalPhalanxOutlineCorrect,1.3356484573260317,c
616,SprintzXff_Huf_16b -1,ProximalPhalanxOutlineCorrect,1.3908205841446453,c
33,Zlib -1,ProximalPhalanxOutlineCorrect,1.2183235867446394,f
34,Zlib -9,ProximalPhalanxOutlineCorrect,1.2190661952944044,f
29,Zstd -1,ProximalPhalanxOutlineCorrect,1.0645092612305727,f
30,Zstd -9,ProximalPhalanxOutlineCorrect,1.210507202517855,f
1784,FastPFOR,ProximalPhalanxTW,1.989258006763477,f
588,Huffman,ProximalPhalanxTW,1.0207206287639072,f
585,LZ4,ProximalPhalanxTW,1.150483202945237,f
1783,SIMDBP128,ProximalPhalanxTW,1.9904458598726114,f
1785,Simple8B,ProximalPhalanxTW,1.7614937466971992,f
584,Snappy,ProximalPhalanxTW,1.0291242152927857,f
929,SprintzDelta_16b -1,ProximalPhalanxTW,1.2642225031605563,c
931,SprintzDelta_Huf_16b -1,ProximalPhalanxTW,1.2836970474967906,c
930,SprintzXff_16b -1,ProximalPhalanxTW,1.3063357282821686,c
932,SprintzXff_Huf_16b -1,ProximalPhalanxTW,1.3520822065981613,c
586,Zlib -1,ProximalPhalanxTW,1.1743981209630063,f
587,Zlib -9,ProximalPhalanxTW,1.175226231049477,f
582,Zstd -1,ProximalPhalanxTW,1.1695906432748537,f
583,Zstd -9,ProximalPhalanxTW,1.1716461628588166,f
1616,FastPFOR,RefrigerationDevices,1.9976028765481422,f
196,Huffman,RefrigerationDevices,1.1532695190866107,f
193,LZ4,RefrigerationDevices,3.6036036036036037,f
1615,SIMDBP128,RefrigerationDevices,1.9952114924181965,f
1617,Simple8B,RefrigerationDevices,1.7812611328820804,f
192,Snappy,RefrigerationDevices,3.7608123354644603,f
705,SprintzDelta_16b -1,RefrigerationDevices,1.4808233377758033,c
707,SprintzDelta_Huf_16b -1,RefrigerationDevices,2.299908003679853,c
706,SprintzXff_16b -1,RefrigerationDevices,1.4658457930225741,c
708,SprintzXff_Huf_16b -1,RefrigerationDevices,2.0529665366454526,c
194,Zlib -1,RefrigerationDevices,5.497526113249037,f
195,Zlib -9,RefrigerationDevices,6.626905235255136,f
190,Zstd -1,RefrigerationDevices,5.310674455655869,f
191,Zstd -9,RefrigerationDevices,6.049606775559588,f
1577,FastPFOR,ScreenType,2.1805494984736153,f
105,Huffman,ScreenType,1.2656625743576762,f
102,LZ4,ScreenType,7.727975270479135,f
1576,SIMDBP128,ScreenType,2.1925016443762333,f
1578,Simple8B,ScreenType,1.9996000799840032,f
101,Snappy,ScreenType,7.220216606498195,f
653,SprintzDelta_16b -1,ScreenType,2.874389192296637,c
655,SprintzDelta_Huf_16b -1,ScreenType,4.2408821034775235,c
654,SprintzXff_16b -1,ScreenType,2.8719126938541066,c
656,SprintzXff_Huf_16b -1,ScreenType,3.8226299694189603,c
103,Zlib -1,ScreenType,12.239902080783354,f
104,Zlib -9,ScreenType,15.797788309636651,f
99,Zstd -1,ScreenType,12.67427122940431,f
100,Zstd -9,ScreenType,14.367816091954023,f
1778,FastPFOR,ShapeletSim,1.990842126219391,f
574,Huffman,ShapeletSim,0.9999000099990001,f
571,LZ4,ShapeletSim,0.9961151509114453,f
1777,SIMDBP128,ShapeletSim,1.99203187250996,f
1779,Simple8B,ShapeletSim,1.5375153751537514,f
570,Snappy,ShapeletSim,0.9999000099990001,f
921,SprintzDelta_16b -1,ShapeletSim,0.9755145839430299,c
923,SprintzDelta_Huf_16b -1,ShapeletSim,0.9816432708353784,c
922,SprintzXff_16b -1,ShapeletSim,0.9785693316371465,c
924,SprintzXff_Huf_16b -1,ShapeletSim,0.9851246182642104,c
572,Zlib -1,ShapeletSim,1.0,f
573,Zlib -9,ShapeletSim,1.0,f
568,Zstd -1,ShapeletSim,0.9999000099990001,f
569,Zstd -9,ShapeletSim,0.9999000099990001,f
1637,FastPFOR,ShapesAll,1.9916351324437362,f
245,Huffman,ShapesAll,0.9999000099990001,f
242,LZ4,ShapesAll,0.9961151509114453,f
1636,SIMDBP128,ShapesAll,1.9932230416583614,f
1638,Simple8B,ShapesAll,1.6675004168751042,f
241,Snappy,ShapesAll,1.0,f
733,SprintzDelta_16b -1,ShapesAll,1.4330753797649756,c
735,SprintzDelta_Huf_16b -1,ShapesAll,1.4413375612568464,c
734,SprintzXff_16b -1,ShapesAll,1.49947518368571,c
736,SprintzXff_Huf_16b -1,ShapesAll,1.5108022359873092,c
243,Zlib -1,ShapesAll,1.0295480284155256,f
244,Zlib -9,ShapesAll,1.0254306808859721,f
239,Zstd -1,ShapesAll,1.0,f
240,Zstd -9,ShapesAll,1.0043185698503565,f
1604,FastPFOR,SmallKitchenAppliances,2.2588660492432795,f
168,Huffman,SmallKitchenAppliances,1.6761649346295677,f
165,LZ4,SmallKitchenAppliances,12.315270935960593,f
1603,SIMDBP128,SmallKitchenAppliances,2.1848372296263925,f
1605,Simple8B,SmallKitchenAppliances,1.9952114924181965,f
164,Snappy,SmallKitchenAppliances,9.803921568627452,f
689,SprintzDelta_16b -1,SmallKitchenAppliances,5.431830526887561,c
691,SprintzDelta_Huf_16b -1,SmallKitchenAppliances,8.532423208191126,c
690,SprintzXff_16b -1,SmallKitchenAppliances,5.341880341880342,c
692,SprintzXff_Huf_16b -1,SmallKitchenAppliances,7.363770250368188,c
166,Zlib -1,SmallKitchenAppliances,17.035775127768314,f
167,Zlib -9,SmallKitchenAppliances,23.041474654377883,f
162,Zstd -1,SmallKitchenAppliances,19.960079840319363,f
163,Zstd -9,SmallKitchenAppliances,21.978021978021978,f
1739,FastPFOR,SonyAIBORobotSurface,1.986886548778065,f
483,Huffman,SonyAIBORobotSurface,1.0279605263157894,f
480,LZ4,SonyAIBORobotSurface,1.0912265386294195,f
1738,SIMDBP128,SonyAIBORobotSurface,1.9896538002387585,f
1740,Simple8B,SonyAIBORobotSurface,1.6520733520568314,f
479,Snappy,SonyAIBORobotSurface,1.0341261633919339,f
869,SprintzDelta_16b -1,SonyAIBORobotSurface,1.0766580534022394,c
871,SprintzDelta_Huf_16b -1,SonyAIBORobotSurface,1.1999040076793857,c
870,SprintzXff_16b -1,SonyAIBORobotSurface,1.086130118388183,c
872,SprintzXff_Huf_16b -1,SonyAIBORobotSurface,1.1246063877642825,c
481,Zlib -1,SonyAIBORobotSurface,1.352265043948614,f
482,Zlib -9,SonyAIBORobotSurface,1.366867140513942,f
477,Zstd -1,SonyAIBORobotSurface,1.187648456057007,f
478,Zstd -9,SonyAIBORobotSurface,1.3691128148959473,f
1634,FastPFOR,SonyAIBORobotSurfaceII,1.9880715705765408,f
238,Huffman,SonyAIBORobotSurfaceII,1.0469011725293134,f
235,LZ4,SonyAIBORobotSurfaceII,1.105705440070765,f
1633,SIMDBP128,SonyAIBORobotSurfaceII,1.9900497512437811,f
1635,Simple8B,SonyAIBORobotSurfaceII,1.6778523489932886,f
234,Snappy,SonyAIBORobotSurfaceII,1.0529640939243972,f
729,SprintzDelta_16b -1,SonyAIBORobotSurfaceII,1.0621348911311737,c
731,SprintzDelta_Huf_16b -1,SonyAIBORobotSurfaceII,1.1697274535033337,c
730,SprintzXff_16b -1,SonyAIBORobotSurfaceII,1.0637166258908626,c
732,SprintzXff_Huf_16b -1,SonyAIBORobotSurfaceII,1.0957703265395573,c
236,Zlib -1,SonyAIBORobotSurfaceII,1.3570362328674177,f
237,Zlib -9,SonyAIBORobotSurfaceII,1.3758943313153549,f
232,Zstd -1,SonyAIBORobotSurfaceII,1.2171372930866602,f
233,Zstd -9,SonyAIBORobotSurfaceII,1.3785497656465397,f
1574,FastPFOR,StarLightCurves,2.092050209205021,f
98,Huffman,StarLightCurves,1.027749229188078,f
95,LZ4,StarLightCurves,0.9961151509114453,f
1573,SIMDBP128,StarLightCurves,2.1150592216582065,f
1575,Simple8B,StarLightCurves,1.951219512195122,f
94,Snappy,StarLightCurves,1.0,f
649,SprintzDelta_16b -1,StarLightCurves,2.051282051282051,c
651,SprintzDelta_Huf_16b -1,StarLightCurves,2.0777062123415746,c
650,SprintzXff_16b -1,StarLightCurves,3.87747188832881,c
652,SprintzXff_Huf_16b -1,StarLightCurves,3.3233632436025258,c
96,Zlib -1,StarLightCurves,1.0892059688487092,f
97,Zlib -9,StarLightCurves,1.0514141520344864,f
92,Zstd -1,StarLightCurves,1.027749229188078,f
93,Zstd -9,StarLightCurves,1.1235955056179776,f
1787,FastPFOR,Strawberry,1.9916351324437362,f
595,Huffman,Strawberry,1.0340192327577293,f
592,LZ4,Strawberry,0.9961151509114453,f
1786,SIMDBP128,Strawberry,2.030456852791878,f
1788,Simple8B,Strawberry,1.8946570670708602,f
591,Snappy,Strawberry,0.9999000099990001,f
933,SprintzDelta_16b -1,Strawberry,1.3993842709207949,c
935,SprintzDelta_Huf_16b -1,Strawberry,1.4027212792818067,c
934,SprintzXff_16b -1,Strawberry,1.5253203172666259,c
936,SprintzXff_Huf_16b -1,Strawberry,1.532097441397273,c
593,Zlib -1,Strawberry,1.0485477613505294,f
594,Zlib -9,Strawberry,1.0413412475268145,f
589,Zstd -1,Strawberry,1.0339123242349049,f
590,Zstd -9,Strawberry,1.0348752975266482,f
1586,FastPFOR,SwedishLeaf,1.9912385503783354,f
126,Huffman,SwedishLeaf,1.0020040080160322,f
123,LZ4,SwedishLeaf,0.9961151509114453,f
1585,SIMDBP128,SwedishLeaf,1.9912385503783354,f
1587,Simple8B,SwedishLeaf,1.682085786375105,f
122,Snappy,SwedishLeaf,0.9999000099990001,f
665,SprintzDelta_16b -1,SwedishLeaf,1.2339585389930898,c
667,SprintzDelta_Huf_16b -1,SwedishLeaf,1.2376237623762376,c
666,SprintzXff_16b -1,SwedishLeaf,1.2725884448969205,c
668,SprintzXff_Huf_16b -1,SwedishLeaf,1.278772378516624,c
124,Zlib -1,SwedishLeaf,1.0140959334753068,f
125,Zlib -9,SwedishLeaf,1.013684744044602,f
120,Zstd -1,SwedishLeaf,0.9999000099990001,f
121,Zstd -9,SwedishLeaf,0.9999000099990001,f
1631,FastPFOR,Symbols,1.9932230416583614,f
231,Huffman,Symbols,0.9999000099990001,f
228,LZ4,Symbols,1.0524100189433805,f
1630,SIMDBP128,Symbols,2.011263073209976,f
1632,Simple8B,Symbols,1.7259233690024163,f
227,Snappy,Symbols,1.0004001600640258,f
725,SprintzDelta_16b -1,Symbols,1.5410695022345509,c
727,SprintzDelta_Huf_16b -1,Symbols,1.5926102882624622,c
726,SprintzXff_16b -1,Symbols,1.716148961729878,c
728,SprintzXff_Huf_16b -1,Symbols,1.8477457501847747,c
229,Zlib -1,Symbols,1.1135857461024499,f
230,Zlib -9,Symbols,1.1117287381878822,f
225,Zstd -1,Symbols,1.098901098901099,f
226,Zstd -9,Symbols,1.1168192986374803,f
1556,FastPFOR,ToeSegmentation1,1.990842126219391,f
56,Huffman,ToeSegmentation1,1.048767697954903,f
53,LZ4,ToeSegmentation1,1.0340192327577293,f
1555,SIMDBP128,ToeSegmentation1,1.9912385503783354,f
1557,Simple8B,ToeSegmentation1,1.5375153751537514,f
52,Snappy,ToeSegmentation1,0.9999000099990001,f
625,SprintzDelta_16b -1,ToeSegmentation1,1.295001295001295,c
627,SprintzDelta_Huf_16b -1,ToeSegmentation1,1.2963443090484832,c
626,SprintzXff_16b -1,ToeSegmentation1,1.3070186903672723,c
628,SprintzXff_Huf_16b -1,ToeSegmentation1,1.311647429171039,c
54,Zlib -1,ToeSegmentation1,1.0894432944765224,f
55,Zlib -9,ToeSegmentation1,1.0869565217391304,f
50,Zstd -1,ToeSegmentation1,1.0726161106939827,f
51,Zstd -9,ToeSegmentation1,1.1144544745347151,f
1568,FastPFOR,ToeSegmentation2,1.9968051118210863,f
84,Huffman,ToeSegmentation2,1.0387451958034695,f
81,LZ4,ToeSegmentation2,1.0073536818777074,f
1567,SIMDBP128,ToeSegmentation2,2.000400080016003,f
1569,Simple8B,ToeSegmentation2,1.8839487565938207,f
80,Snappy,ToeSegmentation2,1.002908434459934,f
641,SprintzDelta_16b -1,ToeSegmentation2,1.3502565487442613,c
643,SprintzDelta_Huf_16b -1,ToeSegmentation2,1.3603591348115902,c
642,SprintzXff_16b -1,ToeSegmentation2,1.3840830449826989,c
644,SprintzXff_Huf_16b -1,ToeSegmentation2,1.389854065323141,c
82,Zlib -1,ToeSegmentation2,1.0968520346605242,f
83,Zlib -9,ToeSegmentation2,1.095650268434316,f
78,Zstd -1,ToeSegmentation2,1.0578652279699565,f
79,Zstd -9,ToeSegmentation2,1.0932546190007653,f
1700,FastPFOR,Trace,2.068680182043856,f
392,Huffman,Trace,1.0688328345446771,f
389,LZ4,Trace,0.9961151509114453,f
1699,SIMDBP128,Trace,2.0487604998975617,f
1701,Simple8B,Trace,1.929384526336099,f
388,Snappy,Trace,0.9999000099990001,f
817,SprintzDelta_16b -1,Trace,1.3528138528138527,c
819,SprintzDelta_Huf_16b -1,Trace,1.3607293509320997,c
818,SprintzXff_16b -1,Trace,1.3529968881071575,c
820,SprintzXff_Huf_16b -1,Trace,1.360914534567229,c
390,Zlib -1,Trace,1.0707784559374665,f
391,Zlib -9,Trace,1.0684902233144566,f
386,Zstd -1,Trace,1.0687186063909373,f
387,Zstd -9,Trace,1.0682619378271552,f
1619,FastPFOR,TwoLeadECG,1.9896538002387585,f
203,Huffman,TwoLeadECG,1.0248001639680262,f
200,LZ4,TwoLeadECG,0.9961151509114453,f
1618,SIMDBP128,TwoLeadECG,1.990842126219391,f
1620,Simple8B,TwoLeadECG,1.5410695022345509,f
199,Snappy,TwoLeadECG,0.9999000099990001,f
709,SprintzDelta_16b -1,TwoLeadECG,1.22684333210649,c
711,SprintzDelta_Huf_16b -1,TwoLeadECG,1.2495314257153567,c
710,SprintzXff_16b -1,TwoLeadECG,1.2583364791745313,c
712,SprintzXff_Huf_16b -1,TwoLeadECG,1.266624445851805,c
201,Zlib -1,TwoLeadECG,1.0567473317129874,f
202,Zlib -9,TwoLeadECG,1.0580890911014706,f
197,Zstd -1,TwoLeadECG,1.0248001639680262,f
198,Zstd -9,TwoLeadECG,1.0567473317129874,f
1643,FastPFOR,Two_Patterns,1.9916351324437362,f
259,Huffman,Two_Patterns,1.022599447796298,f
256,LZ4,Two_Patterns,1.3760836658868858,f
1642,SIMDBP128,Two_Patterns,1.99203187250996,f
1644,Simple8B,Two_Patterns,1.5885623510722795,f
255,Snappy,Two_Patterns,1.3260840737302746,f
741,SprintzDelta_16b -1,Two_Patterns,1.1071744906997343,c
743,SprintzDelta_Huf_16b -1,Two_Patterns,1.3090718680455558,c
742,SprintzXff_16b -1,Two_Patterns,1.0837758751490192,c
744,SprintzXff_Huf_16b -1,Two_Patterns,1.2682308180088777,c
257,Zlib -1,Two_Patterns,1.4878738282993604,f
258,Zlib -9,Two_Patterns,1.507386192342478,f
253,Zstd -1,Two_Patterns,1.514692517418964,f
254,Zstd -9,Two_Patterns,1.5151515151515151,f
1682,FastPFOR,UWaveGestureLibraryAll,2.008435428800964,f
350,Huffman,UWaveGestureLibraryAll,1.052299273913501,f
347,LZ4,UWaveGestureLibraryAll,1.2898232942086933,f
1681,SIMDBP128,UWaveGestureLibraryAll,2.0300446609825418,f
1683,Simple8B,UWaveGestureLibraryAll,1.8709073900841908,f
346,Snappy,UWaveGestureLibraryAll,1.0856584518510477,f
793,SprintzDelta_16b -1,UWaveGestureLibraryAll,1.779359430604982,c
795,SprintzDelta_Huf_16b -1,UWaveGestureLibraryAll,1.9102196752626552,c
794,SprintzXff_16b -1,UWaveGestureLibraryAll,1.9113149847094801,c
796,SprintzXff_Huf_16b -1,UWaveGestureLibraryAll,2.0222446916076846,c
348,Zlib -1,UWaveGestureLibraryAll,1.4196479273140261,f
349,Zlib -9,UWaveGestureLibraryAll,1.4238929232521713,f
344,Zstd -1,UWaveGestureLibraryAll,1.4106361969248131,f
345,Zstd -9,UWaveGestureLibraryAll,1.4287755393627661,f
1601,FastPFOR,Wine,1.9860973187686195,f
161,Huffman,Wine,1.0438413361169103,f
158,LZ4,Wine,0.9961151509114453,f
1600,SIMDBP128,Wine,1.9972039145196725,f
1602,Simple8B,Wine,1.8698578908002992,f
157,Snappy,Wine,0.9999000099990001,f
685,SprintzDelta_16b -1,Wine,1.360914534567229,c
687,SprintzDelta_Huf_16b -1,Wine,1.362026695723236,c
686,SprintzXff_16b -1,Wine,1.5190642564180465,c
688,SprintzXff_Huf_16b -1,Wine,1.5455950540958268,c
159,Zlib -1,Wine,1.072271070126528,f
160,Zlib -9,Wine,1.0633772862611655,f
155,Zstd -1,Wine,1.044059302568386,f
156,Zstd -9,Wine,1.0535187526337968,f
1559,FastPFOR,WordsSynonyms,2.016535591853196,f
63,Huffman,WordsSynonyms,1.0406910188365075,f
60,LZ4,WordsSynonyms,0.9961151509114453,f
1558,SIMDBP128,WordsSynonyms,2.02757502027575,f
1560,Simple8B,WordsSynonyms,1.9193857965451055,f
59,Snappy,WordsSynonyms,0.9999000099990001,f
629,SprintzDelta_16b -1,WordsSynonyms,1.4771048744460855,c
631,SprintzDelta_Huf_16b -1,WordsSynonyms,1.4777597162701344,c
630,SprintzXff_16b -1,WordsSynonyms,1.8112660749864156,c
632,SprintzXff_Huf_16b -1,WordsSynonyms,1.808972503617945,c
61,Zlib -1,WordsSynonyms,1.0521885521885521,f
62,Zlib -9,WordsSynonyms,1.0426441455531228,f
57,Zstd -1,WordsSynonyms,1.0406910188365075,f
58,Zstd -9,WordsSynonyms,1.0413412475268145,f
1544,FastPFOR,Worms,1.9992003198720512,f
28,Huffman,Worms,1.0341261633919339,f
25,LZ4,Worms,0.9961151509114453,f
1543,SIMDBP128,Worms,2.0060180541624875,f
1545,Simple8B,Worms,1.701258931609391,f
24,Snappy,Worms,1.0001000100010002,f
609,SprintzDelta_16b -1,Worms,1.417836381681554,c
611,SprintzDelta_Huf_16b -1,Worms,1.4365752047119666,c
610,SprintzXff_16b -1,Worms,1.4285714285714286,c
612,SprintzXff_Huf_16b -1,Worms,1.437607820586544,c
26,Zlib -1,Worms,1.1185682326621924,f
27,Zlib -9,Worms,1.12145340361108,f
22,Zstd -1,Worms,1.1346873936230568,f
23,Zstd -9,Worms,1.2020675561966583,f
1742,FastPFOR,WormsTwoClass,1.9992003198720512,f
490,Huffman,WormsTwoClass,1.0341261633919339,f
487,LZ4,WormsTwoClass,0.9961151509114453,f
1741,SIMDBP128,WormsTwoClass,2.0060180541624875,f
1743,Simple8B,WormsTwoClass,1.701258931609391,f
486,Snappy,WormsTwoClass,1.0001000100010002,f
873,SprintzDelta_16b -1,WormsTwoClass,1.417836381681554,c
875,SprintzDelta_Huf_16b -1,WormsTwoClass,1.4365752047119666,c
874,SprintzXff_16b -1,WormsTwoClass,1.4285714285714286,c
876,SprintzXff_Huf_16b -1,WormsTwoClass,1.437607820586544,c
488,Zlib -1,WormsTwoClass,1.1185682326621924,f
489,Zlib -9,WormsTwoClass,1.12145340361108,f
484,Zstd -1,WormsTwoClass,1.1346873936230568,f
485,Zstd -9,WormsTwoClass,1.2020675561966583,f
1628,FastPFOR,synthetic_control,1.9896538002387585,f
224,Huffman,synthetic_control,0.9999000099990001,f
221,LZ4,synthetic_control,0.9961151509114453,f
1627,SIMDBP128,synthetic_control,1.9896538002387585,f
1629,Simple8B,synthetic_control,1.6225864027259451,f
220,Snappy,synthetic_control,0.9999000099990001,f
721,SprintzDelta_16b -1,synthetic_control,0.977230528681716,c
723,SprintzDelta_Huf_16b -1,synthetic_control,0.9942334460131239,c
722,SprintzXff_16b -1,synthetic_control,0.9780907668231612,c
724,SprintzXff_Huf_16b -1,synthetic_control,0.9954210631096955,c
222,Zlib -1,synthetic_control,1.0032102728731942,f
223,Zlib -9,synthetic_control,1.0038144950813088,f
218,Zstd -1,synthetic_control,0.9998000399920016,f
219,Zstd -9,synthetic_control,0.9998000399920016,f
1727,FastPFOR,uWaveGestureLibrary_X,1.9972039145196725,f
455,Huffman,uWaveGestureLibrary_X,1.0452597470471412,f
452,LZ4,uWaveGestureLibrary_X,1.2645422357106728,f
1726,SIMDBP128,uWaveGestureLibrary_X,2.011263073209976,f
1728,Simple8B,uWaveGestureLibrary_X,1.7755681818181819,f
451,Snappy,uWaveGestureLibrary_X,1.0863661053775122,f
853,SprintzDelta_16b -1,uWaveGestureLibrary_X,1.784758165268606,c
855,SprintzDelta_Huf_16b -1,uWaveGestureLibrary_X,1.9073049780659928,c
854,SprintzXff_16b -1,uWaveGestureLibrary_X,2.028809089064719,c
856,SprintzXff_Huf_16b -1,uWaveGestureLibrary_X,2.2609088853719195,c
453,Zlib -1,uWaveGestureLibrary_X,1.3795006207752794,f
454,Zlib -9,uWaveGestureLibrary_X,1.3810247203424941,f
449,Zstd -1,uWaveGestureLibrary_X,1.3685507048036132,f
450,Zstd -9,uWaveGestureLibrary_X,1.3817880337156279,f
1718,FastPFOR,uWaveGestureLibrary_Y,2.0903010033444813,f
434,Huffman,uWaveGestureLibrary_Y,1.044059302568386,f
431,LZ4,uWaveGestureLibrary_Y,1.341381623071764,f
1717,SIMDBP128,uWaveGestureLibrary_Y,2.0903010033444813,f
1719,Simple8B,uWaveGestureLibrary_Y,1.9778481012658227,f
430,Snappy,uWaveGestureLibrary_Y,1.235635734585444,f
841,SprintzDelta_16b -1,uWaveGestureLibrary_Y,1.8188432157148056,c
843,SprintzDelta_Huf_16b -1,uWaveGestureLibrary_Y,1.996007984031936,c
842,SprintzXff_16b -1,uWaveGestureLibrary_Y,2.024701356549909,c
844,SprintzXff_Huf_16b -1,uWaveGestureLibrary_Y,2.282583884957772,c
432,Zlib -1,uWaveGestureLibrary_Y,1.4727540500736376,f
433,Zlib -9,uWaveGestureLibrary_Y,1.4812620352540364,f
428,Zstd -1,uWaveGestureLibrary_Y,1.4624159110851127,f
429,Zstd -9,uWaveGestureLibrary_Y,1.4786337424220022,f
1748,FastPFOR,uWaveGestureLibrary_Z,1.9944156362185879,f
504,Huffman,uWaveGestureLibrary_Z,1.031778786628147,f
501,LZ4,uWaveGestureLibrary_Z,1.2537612838515546,f
1747,SIMDBP128,uWaveGestureLibrary_Z,2.0056157240272765,f
1749,Simple8B,uWaveGestureLibrary_Z,1.7571604287471447,f
500,Snappy,uWaveGestureLibrary_Z,1.076194575979337,f
881,SprintzDelta_16b -1,uWaveGestureLibrary_Z,1.7223561832586978,c
883,SprintzDelta_Huf_16b -1,uWaveGestureLibrary_Z,1.8365472910927456,c
882,SprintzXff_16b -1,uWaveGestureLibrary_Z,1.9470404984423677,c
884,SprintzXff_Huf_16b -1,uWaveGestureLibrary_Z,2.1739130434782608,c
502,Zlib -1,uWaveGestureLibrary_Z,1.3464386697185944,f
503,Zlib -9,uWaveGestureLibrary_Z,1.3517166801838334,f
498,Zstd -1,uWaveGestureLibrary_Z,1.3428226131328052,f
499,Zstd -9,uWaveGestureLibrary_Z,1.3517166801838334,f
1541,FastPFOR,wafer,2.126754572522331,f
21,Huffman,wafer,1.1022927689594357,f
18,LZ4,wafer,1.6975046681378374,f
1540,SIMDBP128,wafer,2.113271344040575,f
1542,Simple8B,wafer,1.9976028765481422,f
17,Snappy,wafer,1.6852039096730704,f
605,SprintzDelta_16b -1,wafer,1.8821757952192735,c
607,SprintzDelta_Huf_16b -1,wafer,2.4968789013732837,c
606,SprintzXff_16b -1,wafer,1.8635855385762208,c
608,SprintzXff_Huf_16b -1,wafer,2.356823002592505,c
19,Zlib -1,wafer,2.1691973969631237,f
20,Zlib -9,wafer,2.314814814814815,f
15,Zstd -1,wafer,2.0072260136491367,f
16,Zstd -9,wafer,2.296738631143776,f
1730,FastPFOR,yoga,1.99203187250996,f
462,Huffman,yoga,0.9999000099990001,f
459,LZ4,yoga,0.9961151509114453,f
1729,SIMDBP128,yoga,1.9924287706714485,f
1731,Simple8B,yoga,1.666944490748458,f
458,Snappy,yoga,1.0,f
857,SprintzDelta_16b -1,yoga,1.4134275618374559,c
859,SprintzDelta_Huf_16b -1,yoga,1.42025280499929,c
858,SprintzXff_16b -1,yoga,1.6015374759769379,c
860,SprintzXff_Huf_16b -1,yoga,1.6469038208168643,c
460,Zlib -1,yoga,1.0105092966855296,f
461,Zlib -9,yoga,1.0046212577858147,f
456,Zstd -1,yoga,1.0,f
457,Zstd -9,yoga,1.0,f
